title,artist,category,image_file,lev_bas,lev_adv,lev_exp,lev_mas,lev_remas,version
HOT LIMIT,T.M.Revolution [covered by 光吉猛修],Popular & Anime,2f53230db95fda85.png,4,6,9,11+,,maimaiDX
ネ！コ！,パトリシア・オブ・エンド・黒木未知・夕莉シャチ・明日原ユウキ「ノラと皇女と野良猫ハート」,Popular & Anime,a46fc4437ca9cdb8.png,4,7,9,12+,,FiNALE
真・ハンサム体操でズンドコホイ,10Re;「学園ハンサム」,Popular & Anime,34e32d0a43e43931.png,5,6,9,12+,,MURASAKi PLUS
GET!! 夢&DREAM,加賀美 祥「学園ハンサム」,Popular & Anime,f1c9303898fd2ad8.png,4,7,8+,11+,,MURASAKi PLUS
バラライカ,Performed by 光吉猛修,Popular & Anime,8447601f724531de.png,4,6,8+,11,,GreeN PLUS
若い力 -SEGA HARD GIRLS MIX-,SC-3000(シーさん)/CV.相沢 舞、SG-1000(せん)/CV.芹澤 優、SG-1000Ⅱ(せんつー)/CV.大空直美、ゲームギア(ムギ)/CV.田中美海、ロボピッチャ(ぴっちゃん)/CV.もものはるな「Hi☆sCoool! セハガール」 [アニメPV],Popular & Anime,1ddd109f16985b8a.png,4,6,9,12,12,ORANGE PLUS
セハガガガンバッちゃう！！,Hi☆sCoool! セハガール,Popular & Anime,d5648519628a2a37.png,5,7,10,12+,,PiNK PLUS
ラブリー☆えんじぇる!!,あべにゅうぷろじぇくと feat.佐倉紗織&井上みゆ「パチスロ快盗天使ツインエンジェル」,Popular & Anime,8e9e55fcd3e6528a.png,4,6,9,12,,PiNK
ラブって♡ジュエリー♪えんじぇる☆ブレイク！！,あべにゅうぷろじぇくと feat.天月めぐる＆如月すみれ「ツインエンジェルBREAK」,Popular & Anime,5c4d01f3689634af.png,4,7+,10+,12+,,FiNALE
デビル☆アイドル,アイラ（CV：三森すずこ）シマ（CV:井口裕香）はな（CV:花澤香菜）,Popular & Anime,8148ef129c27aadc.png,3,7,9+,12,,maimaiDX
きらっせ☆ウッド村ファーム,uno(IOSYS) feat.miko,Popular & Anime,687032cff68a9090.png,5,7,9,12,,MURASAKi
にじよめちゃん体操第一億,にじよめちゃんとZIPたん,Popular & Anime,efde807a5f65e317.png,4,6,8,13,,MiLK PLUS
Rodeo Machine,HALFBY,Popular & Anime,22be5d0f9ac31bf0.png,3,6,10,13,,MiLK PLUS
true my heart -Lovable mix-,ave;new feat.佐倉紗織,Popular & Anime,25da97d32ca1c198.png,4,6,9,11+,,FiNALE
POP STAR,平井堅 [cover],Popular & Anime,212dcc8c73d2fc43.png,4,6,8,10+,,GreeN PLUS
Love or Lies,capsule [cover],Popular & Anime,4d2c50f8046c8c8f.png,4,6,8,11,,maimai
jelly,capsule [cover],Popular & Anime,a04ffc79950a73a2.png,4,7,8,11+,,maimai
美しく燃える森,東京スカパラダイスオーケストラ [cover],Popular & Anime,02627f1e02b50b2e.png,4,6,8,10,,maimai
Love You,Q;indivi [cover],Popular & Anime,daf6adeacb8fc300.png,5,6,8,11,,maimai
come again,m-flo [cover],Popular & Anime,23aec440c8812a0d.png,5,6,9,11+,,maimai
Future,★STAR GUiTAR [cover],Popular & Anime,507c390321c312eb.png,6,6,8,10,12,maimai
ウッーウッーウマウマ(ﾟ∀ﾟ),Caramell/Caramelldansen [cover],Popular & Anime,ba0f9d3b5b630461.png,5,7,8+,12+,,maimai
NIGHT OF FIRE,NIKO [cover],Popular & Anime,8205c81e9d23470d.png,6,7,9,11,,maimai
YATTA!,はっぱ隊 [cover],Popular & Anime,c2434fdb76299e19.png,3,6,8+,10+,,GreeN PLUS
fake!fake!,カラスは真っ白,Popular & Anime,1f617d599ada17e4.png,4,7,9,12,,PiNK PLUS
HIMITSUスパーク,カラスは真っ白,Popular & Anime,97bcee55165daa06.png,4,6,9,12+,,PiNK
ジンギスカン,仁井山征弘 Feat. GREAT G and surprise,Popular & Anime,6cd10cc6ae9af924.png,4,6,9,12+,,MiLK PLUS
ポップミュージックは僕のもの,ONIGAWARA,Popular & Anime,6bf1a016f52071cd.png,4,6,8+,11+,,MURASAKi
日本の米は世界一,打首獄門同好会,Popular & Anime,22489a6a6859ac30.png,4,6,9+,12+,,MURASAKi PLUS
REVIVER オルタンシア・サーガ -蒼の騎士団- オリジナルVer.,MY FIRST STORY,Popular & Anime,45328a042d519dd8.png,5,7,9+,13,,MiLK
アンドロイドガール,DECO*27,niconico＆VOCALOID™,5847967f87cf1dab.png,4,7+,10,12+,,maimaiDX
スロウダウナー,ろくろ,niconico＆VOCALOID™,1f308086ecb36d24.png,4,7,9+,12,,maimaiDX
ビターチョコデコレーション,syudou,niconico＆VOCALOID™,4bc4d3834acf0534.png,4,7,9+,12+,,maimaiDX
スターリースカイ☆パレード,キノシタ feat. 音街ウナ・鏡音リン,niconico＆VOCALOID™,bf6fcb6a8b2b79a7.png,4,7,10,12,,maimaiDX
だれかの心臓になれたなら,ユリイ・カノン feat.GUMI,niconico＆VOCALOID™,274b280ee4f3f54d.png,4,6,9,11+,,maimaiDX
グリーンライツ・セレナーデ,Omoi feat. 初音ミク,niconico＆VOCALOID™,95af1c4fc14eae36.png,4,7,10,12,,maimaiDX
METEOR,DIVELA feat.初音ミク,niconico＆VOCALOID™,9ddf0c60aef5895b.png,3,7,9,12,,maimaiDX
だからパンを焼いたんだ,あわのあゆむ,niconico＆VOCALOID™,b4e4c2a261a15eb7.png,3,6,9,11+,,maimaiDX
太陽系デスコ,ナユタン星人,niconico＆VOCALOID™,ab3c088d671ddab6.png,4,6,9+,11+,,maimaiDX
彗星ハネムーン,ナユタン星人,niconico＆VOCALOID™,c3e9be8d22de76f7.png,4,6,9,11+,,MiLK PLUS
ダンスロボットダンス,ナユタン星人,niconico＆VOCALOID™,dfd85cc1f0611a87.png,5,7,10,12+,,MiLK
エイリアンエイリアン,ナユタン星人,niconico＆VOCALOID™,30b9a835ccb9b302.png,4,7,9,12,,MURASAKi PLUS
パーフェクト生命,ナユタン星人,niconico＆VOCALOID™,56d88be25a7e2340.png,5,7,9,12+,,PiNK PLUS
Seyana. ～何でも言うことを聞いてくれるアカネチャン～,GYARI,niconico＆VOCALOID™,ac704a32c62481ed.png,4,6,9+,12+,,MiLK PLUS
アカリがやってきたぞっ,GYARI,niconico＆VOCALOID™,1809c99151f29827.png,4,6,10,12+,,maimaiDX
幾望の月,なきゃむりゃ,niconico＆VOCALOID™,b40335c202898759.png,5,7+,10+,12+,,maimaiDX
キミノヨゾラ哨戒班,Orangestar,niconico＆VOCALOID™,356f3d261ce84763.png,4,7,9+,12,,PiNK PLUS
ウミユリ海底譚,n-buna,niconico＆VOCALOID™,e2047e2898d1bc8c.png,4,6,8+,13,,ORANGE PLUS
白ゆき,n-buna,niconico＆VOCALOID™,c30ff16ab6a5e636.png,5,7,10+,12+,,MURASAKi PLUS
イカサマライフゲイム,kemu,niconico＆VOCALOID™,ddb08097777c5683.png,4,7+,10,12+,,maimaiDX
敗北の少年,kemu,niconico＆VOCALOID™,8e9b0eff78428af6.png,5,7+,10+,12+,,FiNALE
インビジブル,kemu,niconico＆VOCALOID™,81e682b1c94a1a56.png,5,7,10,11,13+,MiLK PLUS
人生リセットボタン,kemu,niconico＆VOCALOID™,a54d2e008abd16e8.png,5,7+,11,13,,MiLK
リンカーネイション,kemu,niconico＆VOCALOID™,dbdf6a51040a06b2.png,5,7,10,12+,,MURASAKi PLUS
六兆年と一夜物語,kemu,niconico＆VOCALOID™,0950cc45432555fe.png,5,7+,9,12+,,ORANGE PLUS
フラジール,ぬゆり,niconico＆VOCALOID™,91a0a24f380f5bd0.png,4,7,8+,12,,MURASAKi PLUS
命ばっかり,ぬゆり,niconico＆VOCALOID™,26b88ffa81e99426.png,3,6,8+,12,,FiNALE
フィクサー,ぬゆり,niconico＆VOCALOID™,04e1ae9bd03cd769.png,4,6,9,13,,MiLK PLUS
チュルリラ・チュルリラ・ダッダッダ！,和田たけあき(くらげP),niconico＆VOCALOID™,e500e033148d33c1.png,5,7,10,13,,MURASAKi
サヨナラチェーンソー,くらげP,niconico＆VOCALOID™,e4af463b0c3c84de.png,3,6,9+,12,,maimaiDX
39みゅーじっく！,みきとP,niconico＆VOCALOID™,6c4f705831befadd.png,3,6,9,11+,,maimaiDX
ロキ,みきとP,niconico＆VOCALOID™,b5d48d0f260a213d.png,4,7,9+,11,13,FiNALE
バレリーコ,みきとP,niconico＆VOCALOID™,30bb41cdf66ce0e1.png,4,6,9+,11+,,MiLK
いーあるふぁんくらぶ,みきとP,niconico＆VOCALOID™,b21cc578793a6938.png,3,6,8,10+,,GreeN
だんだん早くなる,40mP,niconico＆VOCALOID™,39044dca657c1f90.png,4,7,9,11,12,MURASAKi
恋愛裁判,40mP,niconico＆VOCALOID™,3dc5138216e086fe.png,4,6,9,11,,PiNK PLUS
からくりピエロ,40mP,niconico＆VOCALOID™,e466cd437e917e44.png,3,5,9,12,12,GreeN PLUS
脳漿炸裂ガール,れるりり,niconico＆VOCALOID™,968dbd5f0c309827.png,4,6,10+,12+,,GreeN
カゲロウデイズ,じん,niconico＆VOCALOID™,b6e33b58e573a59b.png,4,6,10,12+,13+,GreeN
夜咄ディセイブ,じん,niconico＆VOCALOID™,24bb3dc2a6705c6d.png,4,7+,11,13,,GreeN
アウターサイエンス,じん,niconico＆VOCALOID™,b0ce56a34d3e72dc.png,5,7,11+,12+,,MiLK
アディショナルメモリー,じん,niconico＆VOCALOID™,4845db8b27fd2f65.png,4,6,9+,12,,maimaiDX
砂の惑星 feat. HATSUNE MIKU,ハチ,niconico＆VOCALOID™,d9da71418f642af6.png,4,6,9+,12+,,MiLK
ドーナツホール,ハチ,niconico＆VOCALOID™,98a835418650545d.png,5,6,10+,13+,,MiLK
マトリョシカ,ハチ,niconico＆VOCALOID™,311d40df8438952a.png,5,7+,8+,11,12+,maimai
パンダヒーロー,ハチ,niconico＆VOCALOID™,435c43a8153c239a.png,5,6,8+,11+,,maimai
WORLD'S END UMBRELLA,ハチ,niconico＆VOCALOID™,e0f1089623f573d3.png,4,7,9,12,,FiNALE
結ンデ開イテ羅刹ト骸,ハチ,niconico＆VOCALOID™,f45c9659d4bbf662.png,4,7,9+,11,13,FiNALE
ゴーゴー幽霊船,米津玄師,niconico＆VOCALOID™,b4c2df0b003d74e2.png,4,7,10,12,,maimai PLUS
アンノウン・マザーグース,wowaka,niconico＆VOCALOID™,5140f70bbc88cc99.png,4,6,10,12+,,MiLK
アンハッピーリフレイン,wowaka,niconico＆VOCALOID™,0b3097b182ae0642.png,5,7,10+,13,,ORANGE
裏表ラバーズ,wowaka,niconico＆VOCALOID™,1c9f188e15b13d2b.png,5,7,11,13+,,GreeN
ローリンガール,wowaka,niconico＆VOCALOID™,35c7bf45db2cc050.png,4,6,8+,12+,,GreeN
ワールズエンド・ダンスホール,wowaka,niconico＆VOCALOID™,7d63f55a93c01564.png,5,7,8+,12,13,maimai
ゴーストルール,DECO*27,niconico＆VOCALOID™,1c389ba08db6c6f4.png,3,7+,9+,12+,,maimaiDX 2022
モザイクロール,DECO*27,niconico＆VOCALOID™,813d4e599de416c0.png,3,6,10,13,,maimaiDX 2023
ありふれたせかいせいふく,ピノキオピー,niconico＆VOCALOID™,dc8f146a69069b71.png,4,6,8+,13,,PiNK
腐れ外道とチョコレゐト,ピノキオP,niconico＆VOCALOID™,9a0626b85cbf4c24.png,6,8,11+,13,,maimai PLUS
#NAME?,ギガ/れをる　ダンス　アルスマグナ,niconico＆VOCALOID™,a565687e7a656aab.png,5,7,9,12+,,PiNK
セツナトリップ,Last Note.,niconico＆VOCALOID™,4cdf81639751cc7f.png,2,7+,10+,13,,maimaiDX 2023
放課後ストライド,Last Note.,niconico＆VOCALOID™,3fb5811ff9f8780a.png,4,7,9+,12+,,GreeN
このピアノでお前を8759632145回ぶん殴る,SLAVE.V-V-R,niconico＆VOCALOID™,02960e843e603fcc.png,5,7,10,13,,MiLK PLUS
やめろ！聴くな！,SLAVE.V-V-R,niconico＆VOCALOID™,bae2c3c40c380969.png,4,7,9,12+,,PiNK PLUS
メランコリック,Junky,niconico＆VOCALOID™,883b8d0c3ac0b34a.png,6,6,8,11,,maimai
ZIGG-ZAGG,Junky,niconico＆VOCALOID™,3c33f819dd33084c.png,6,6,8,10+,11+,maimai
I ♥,Junky,niconico＆VOCALOID™,02726be291ff6fa0.png,4,6,8,11+,,GreeN
ラブチーノ,Junky,niconico＆VOCALOID™,1e713165e806d9d6.png,4,6,8+,11,,MURASAKi PLUS
スイートマジック,ろん×Junky,niconico＆VOCALOID™,e1e5a738cc1af930.png,4,6,9+,11+,,maimai PLUS
リリリリ★バーニングナイト,samfree,niconico＆VOCALOID™,0ecd4d01e6c5816a.png,4,7,8+,10,,GreeN PLUS
イアイア★ナイトオブデザイア,samfree,niconico＆VOCALOID™,e87708ce64ba6e75.png,4,6,8+,10,,GreeN
ルカルカ★ナイトフィーバー,samfree,niconico＆VOCALOID™,b3690cc56ebefda2.png,4,6,8,11,,maimai
メグメグ☆ファイアーエンドレスナイト,samfree,niconico＆VOCALOID™,c5b4e1db83ded58b.png,5,6,7+,11,,maimai
深海少女,ゆうゆ,niconico＆VOCALOID™,74f1d3bb32ce7d30.png,2,6,9,13,,maimaiDX 2024
トルコ行進曲 - オワタ＼(^o^)／,オワタP,niconico＆VOCALOID™,951e6d7982e052cf.png,3,6,9,13,,GreeN
Sweetiex2,Dixie Flatline,niconico＆VOCALOID™,867a5c27569914df.png,4,6,7,11+,,maimai PLUS
shake it!,emon,niconico＆VOCALOID™,1480ca66a27df12e.png,4,6,8,11+,,ORANGE
Heart Beats,向日葵×emon(Tes.),niconico＆VOCALOID™,98960650058c168a.png,5,6,8+,11+,,ORANGE
初音ミクの激唱,Storyteller,niconico＆VOCALOID™,286115dc6007ad2a.png,6,8,11,14,,MiLK PLUS
初音ミクの消失,cosMo＠暴走P,niconico＆VOCALOID™,1a02c2684d829331.png,6,8,12,14,,maimaiDX 2024
終点,cosMo@暴走P,niconico＆VOCALOID™,56c793d08494cafe.png,5,7+,11,13,,FiNALE
Tell Your World,livetune,niconico＆VOCALOID™,2409dc4300acfacf.png,4,6,9,11+,12+,maimai PLUS
メルティランドナイトメア,はるまきごはん feat.初音ミク,niconico＆VOCALOID™,b245ac1c75a0acb9.png,2,6,8+,11+,,maimaiDX
メルト,supercell,niconico＆VOCALOID™,b84d562faa4c7c0b.png,3,6,8+,11+,,maimaiDX
デンパラダイム,lumo,niconico＆VOCALOID™,37b7f72f67a5d4ae.png,4,7+,11+,13,,maimaiDX
骸骨楽団とリリア,トーマ,niconico＆VOCALOID™,a74fb1bfa112e7cb.png,4,7+,10+,13,,maimaiDX
星屑ユートピア,otetsu,niconico＆VOCALOID™,84aeeb88068f829e.png,4,7,10+,12,,maimaiDX
アマツキツネ,まらしぃ,niconico＆VOCALOID™,49a37b23bf52f77f.png,4,7,9,11+,,maimaiDX
Strobe♡Girl,colate,niconico＆VOCALOID™,a8e14db93c0abf9c.png,3,7,10,12,,maimaiDX
ナイトメア☆パーティーナイト,くちばしP,niconico＆VOCALOID™,2ab3812cc612f648.png,4,7,10,11,12,FiNALE
はやくそれになりたい！,キノシタ feat. 音街ウナ,niconico＆VOCALOID™,8bcd4e9515ccbeb9.png,5,7,9+,11,12+,MiLK PLUS
おねがいダーリン,ONE (song by ナナホシ管弦楽団),niconico＆VOCALOID™,ef6f1e317a56e61c.png,4,6,10,12,,MiLK PLUS
フリィダム ロリィタ,ねじ式,niconico＆VOCALOID™,b5a075c27659db38.png,4,6,9,11+,,MiLK
幸せになれる隠しコマンドがあるらしい,うたたP,niconico＆VOCALOID™,a1da6a4bdebaf419.png,5,8,12,14,,MURASAKi PLUS
しねばいいのに,どぶウサギ,niconico＆VOCALOID™,876172e4c4979c78.png,4,6,9,12,,MiLK
キレキャリオン,ポリスピカデリー,niconico＆VOCALOID™,c0c293f4eef1087e.png,4,6,9,12+,,MiLK
ドクハク,MARETU,niconico＆VOCALOID™,4fa10a454644291e.png,5,6,9,12+,,MiLK
アルカリレットウセイ,かいりきベア,niconico＆VOCALOID™,b337c736e69b8f8a.png,4,6,9+,11+,,MiLK
ARROW,niki,niconico＆VOCALOID™,131b1873d71a6baa.png,4,6,11,12+,,MURASAKi PLUS
ヘルシーエンド,椎名もた (ぽわぽわP),niconico＆VOCALOID™,74d3b31d6375a517.png,4,7,10,12,,MURASAKi PLUS
ロストワンの号哭,Neru,niconico＆VOCALOID™,1cb4a922d67acf7e.png,4,6,9+,13,14,ORANGE PLUS
天ノ弱,164,niconico＆VOCALOID™,09f6026981bfa534.png,3,7,10,12+,,GreeN
吉原ラメント,亜沙,niconico＆VOCALOID™,f996e3e62d932b50.png,5,7+,10+,13+,,MURASAKi
生きてるおばけは生きている,鬱P feat.flower,niconico＆VOCALOID™,e7d7afbbef397731.png,4,6,10,12+,,MURASAKi
踊れオーケストラ,YASUHIRO(康寛),niconico＆VOCALOID™,6fdaa71c47264392.png,5,6,8+,11,,MURASAKi
赤心性：カマトト荒療治,スズム,niconico＆VOCALOID™,8d5a0bee619f9c22.png,5,7,8+,13,,ORANGE PLUS
イノコリ先生,HoneyWorks,niconico＆VOCALOID™,63fb1212d0b7cc6c.png,4,6,8+,12,,PiNK
ECHO,CIRCRUSH,niconico＆VOCALOID™,c388ac7580206d1c.png,4,6,10,13,,PiNK PLUS
東京リアルワールド,out of service,niconico＆VOCALOID™,a4c576aec0c3897c.png,4,6,8,10,,PiNK PLUS
M.S.S.Planet,M.S.S Project,niconico＆VOCALOID™,c0ee52db4c23afe7.png,3,7,9+,13,,maimaiDX 2023
不毛！,ぽてんしゃる0,niconico＆VOCALOID™,548131ddb354349f.png,4,7,9,11+,,ORANGE
ネトゲ廃人シュプレヒコール,さつき が てんこもり,niconico＆VOCALOID™,194326e1cb7513ae.png,4,7,9+,13,,MURASAKi
StargazeR,骨盤P,niconico＆VOCALOID™,5a1892ce8c415ca5.png,4,6,9+,11+,,MURASAKi
みくみくにしてあげる♪【してやんよ】,ika,niconico＆VOCALOID™,4f61e6e5584ba3db.png,4,6,8,11,,ORANGE PLUS
ぽっぴっぽー,,niconico＆VOCALOID™,a614663a6453f7de.png,3,6,8+,12+,,GreeN
Nyan Cat EX,daniwell,niconico＆VOCALOID™,45086a744d1294be.png,4,7,10,12+,,GreeN
どうしてこうなった,うどんゲルゲ,niconico＆VOCALOID™,ace05ab995f9fee5.png,5,7,10+,13+,,ORANGE PLUS
magician's operation,EZFG,niconico＆VOCALOID™,9e5d4466d8429a5b.png,4,7,10+,13+,,GreeN PLUS
教えて!! 魔法のLyric,ちょむP <advanced mix>,niconico＆VOCALOID™,19c643efff825c85.png,6,7,8+,11+,,maimai
おちゃめ機能,ゴジマジP,niconico＆VOCALOID™,29d1106de82a3432.png,4,7,8,12+,,maimai PLUS
BAD∞END∞NIGHT,ひとしずくP・やま△,niconico＆VOCALOID™,379a393f1e3acfbf.png,4,7+,9+,12+,,maimai PLUS
ロミオとシンデレラ,doriko,niconico＆VOCALOID™,9a1d155fd3c46f5d.png,5,7+,10,11+,13,maimai PLUS
ダンシング☆サムライ,mathru(かにみそP),niconico＆VOCALOID™,d4f0ba13bfbcfb04.png,4,7,10,12,,maimai PLUS
ハロ／ハワユ,ナノウ,niconico＆VOCALOID™,7486b0344c14d632.png,4,5,8,11,,GreeN PLUS
林檎華憐歌,ビートまりお母(尾崎順子),niconico＆VOCALOID™,4077a676c90c2cba.png,4,6,10,11+,,GreeN PLUS
ないせんのうた,ナイセン - momoco-,niconico＆VOCALOID™,d6ef4f59f4072867.png,4,6,9+,11+,,MURASAKi PLUS
木彫り鯰と右肩ゾンビ,hanzo/赤飯歌唱Ver,niconico＆VOCALOID™,caa90ebabef5e041.png,5,7,9+,12+,,PiNK PLUS
デッドレッドガールズ,MARUDARUMA,niconico＆VOCALOID™,3f2e914b4c289b9f.png,4,7+,9+,13+,,ORANGE PLUS
One Step Ahead,伊東歌詞太郎,niconico＆VOCALOID™,8e3cad1f597c0558.png,4,6,10,11+,,ORANGE
Link,Clean Tears feat. Youna,maimai,1e44516a8a3b5a51.png,6,7,11,12,,maimai PLUS
Link,Circle of friends(天月-あまつき-・un:c・伊東歌詞太郎・コニー・はしやん),niconico＆VOCALOID™,e90f79d9dcff84df.png,5,7,9+,11+,,ORANGE
バッド・ダンス・ホール,ぱなまん/カラスヤサボウ,niconico＆VOCALOID™,9dfd23eb9143196f.png,4,6,10,12+,,MURASAKi PLUS
quiet room,有機酸,niconico＆VOCALOID™,abe34235d9fb7db3.png,3,6,8+,12,,maimaiDX
ロールプレイングゲーム,そらまふうらさか,niconico＆VOCALOID™,e38ab7bc712135a3.png,4,6,9,12,,FiNALE
すーぱーぬこになりたい,まふまふ,niconico＆VOCALOID™,d2441b78d4fb5ffc.png,4,7,9+,13,,MURASAKi
立ち入り禁止,まふまふ,niconico＆VOCALOID™,e1eb6ad1e4e1345c.png,4,6,10+,11,13+,FiNALE
CocktaiL,XYZ,niconico＆VOCALOID™,54189becb1c144d3.png,3,6,9,12,,maimaiDX
ナンセンス文学,Eve,niconico＆VOCALOID™,c1b5c8e26e70f996.png,4,7,10+,13,,MiLK
シャルル,バルーン,niconico＆VOCALOID™,3d6ae19fff511a61.png,3,6,8+,10+,,MiLK
ソリッド,豚乙女,東方Project,6f76e4f38c8d24c3.png,4,7+,10+,13,,maimaiDX
Bad Apple!! feat.nomico (REDALiCE Remix),Masayoshi Minoshima × REDALiCE,東方Project,ad00454bec47a605.png,4,7,10,12,,maimaiDX
Bad Apple!! feat nomico,Masayoshi Minoshima,東方Project,25676527db91025b.png,4,6,9,11+,12+,GreeN
CYBER Sparks,Tatsh,東方Project,cdbb2243b8abcdae.png,5,7,10+,11+,13+,MiLK PLUS
Money Money,暁Records,東方Project,4cd49bb6811afb1b.png,4,6,9+,12+,,FiNALE
LOVE EAST,暁Records,東方Project,7fac18263d456630.png,4,6,9+,12,,MiLK PLUS
WARNING×WARNING×WARNING,暁Records,東方Project,5f7dd24b13d5ff1d.png,3,7,9,11,,MiLK
泡沫、哀のまほろば,幽閉サテライト,東方Project,1ad46c5221faa3a0.png,4,6,9,11+,,MiLK
華鳥風月,幽閉サテライト,東方Project,e1a5916bfb31fa3b.png,3,5,8+,12,,MURASAKi PLUS
色は匂へど散りぬるを,幽閉サテライト,東方Project,196e63bd095d25da.png,3,6,8+,11+,,MURASAKi
月に叢雲華に風,幽閉サテライト,東方Project,f9f5c93325ed2b1d.png,2,6,9,12,,PiNK PLUS
ネクロファンタジア～Arr.Demetori,Demetori,東方Project,78baafabacc06f69.png,4,7,10+,13+,,FiNALE
Doll Judgment,ぬるはち,東方Project,a4afb1a17068919e.png,4,7+,11,13+,,MiLK
永遠のメロディ,あ～るの～と（いえろ～ぜぶら）,東方Project,6556acb6606f5950.png,4,6,9,11+,,MiLK
もうみんなしねばいいのに,谷屋楽,東方Project,0efa58724b907097.png,5,7,11+,13+,,MiLK
宿題が終わらないっ！,Innocent Keyと梨本悠里、JUNCA、小宮真央、樹詩音、大瀬良あい,東方Project,995ad36b4a7f07e4.png,4,6,9,12,,MURASAKi PLUS
東方スイーツ！～鬼畜姉妹と受難メイド～,Innocent Keyと小宮真央、ココ、樹詩音,東方Project,63be4d5eb7c931bd.png,4,6,9+,12+,,ORANGE PLUS
taboo tears you up,REDALiCE (HARDCORE TANO*C),東方Project,e108675f2aab8a85.png,4,7+,10+,13+,,maimaiDX 2022
Starlight Vision,矢鴇つかさ feat. 三澤秋,東方Project,783405c8be2fcaa6.png,4,7,10,12,,MURASAKi
幽闇に目醒めしは,セブンスヘブンMAXION,東方Project,c690f3e32313557e.png,3,6,9+,12+,,MURASAKi
物凄い勢いでけーねが物凄いうた,Halozy,東方Project,36bfc5734d8df91b.png,4,6,8+,12,,PiNK
進捗どうですか？,sumijun(Halozy) feat. ななひら(Confetto),東方Project,b49c6f2f23bd544d.png,5,7+,10,13,,MiLK PLUS
アマノジャクリバース feat. ｙｔｒ,魂音泉,東方Project,3f2d512deca0579b.png,4,7,10,13+,,MiLK PLUS
天狗の落とし文 feat. ｙｔｒ,魂音泉,東方Project,c095520ef94c76bb.png,4,6,10+,12,,MiLK
オーディエンスを沸かす程度の能力 feat.タイツォン,D.watt(IOSYS)＋らっぷびと,東方Project,b0cfe0f457175464.png,4,7,9,13+,,MURASAKi PLUS
Club Ibuki in Break All,void＋夕野ヨシミ (IOSYS) feat.藤原鞠菜,東方Project,546a5795b5e3d922.png,5,7,10,12+,,MURASAKi
チルノのパーフェクトさんすう教室　⑨周年バージョン,IOSYSと愉快な⑨周年フレンズ,東方Project,d5ff46836f80157d.png,4,7,9,12,,MURASAKi PLUS
チルノのパーフェクトさんすう教室,ARM＋夕野ヨシミ(IOSYS)feat. miko,東方Project,d44aee5f4b660d3d.png,4,6,9,12,,GreeN
患部で止まってすぐ溶ける～狂気の優曇華院,ARM＋夕野ヨシミ(IOSYS)feat. miko,東方Project,943b8a0563a24df8.png,3,7+,10+,12+,,GreeN PLUS
究極焼肉レストラン！お燐の地獄亭！,ARM＋夕野ヨシミ(IOSYS)feat. 藤枝あかね,東方Project,006d4517fc7e6e04.png,4,6,9+,12,,ORANGE
お嫁にしなさいっ！,ARM＋夕野ヨシミ(IOSYS),東方Project,0ba059088892b17c.png,4,6,9+,12,,GreeN PLUS
キャプテン・ムラサのケツアンカー,ARM＋夕野ヨシミ(IOSYS)feat.山本椛,東方Project,dc279f21432d1438.png,4,6,10,12+,,ORANGE PLUS
ひれ伏せ愚民どもっ！,ARM＋夕野ヨシミ (IOSYS) feat.miko,東方Project,75858ef4dd890365.png,4,7,9+,12+,,PiNK PLUS
げきオコスティックファイナリアリティぷんぷんマスタースパーク,ARM (IOSYS),東方Project,a7db2231c9a36066.png,4,7,10,12+,,maimaiDX
【東方ニコカラ】秘神マターラ feat.魂音泉【IOSYS】,ARM (IOSYS),東方Project,7976c89ece464bf4.png,4,7,10+,12+,,FiNALE
不思議の国のクリスマス,SOUND HOLIC feat. 3L,東方Project,e2a698778e071a7d.png,4,5,8+,12+,,FiNALE
INFINITE WORLD,SOUND HOLIC feat. Nana Takahashi,東方Project,59c2f22023c4e226.png,4,7,9+,11+,,MiLK PLUS
Grip & Break down !!,SOUND HOLIC feat. Nana Takahashi,東方Project,3cdafcda11978c26.png,5,7,9,13,,maimaiDX 2023
Cosmic Magic Shooter,SOUND HOLIC feat. Nana Takahashi,東方Project,dfdf63e57f5e127a.png,4,7,9+,13,,ORANGE
しゅわスパ大作戦☆,SOUND HOLIC feat. Nana Takahashi,東方Project,cd787bcc1dc248f7.png,5,6,8+,12,,GreeN
全人類ノ非想天則,SOUND HOLIC feat. 匠眞,東方Project,c2c39366181de9d6.png,4,7,9,12+,,GreeN
"Endless, Sleepless Night",samfree feat.(V)・∀・(V)かにぱん。(A-ONE),東方Project,fba94ed765e1c00b.png,4,7,9+,13,,GreeN PLUS
White Traveling Girl,A-One,東方Project,f4e6668d9705ccac.png,4,6,9+,12+,,FiNALE
No Routine,A-One,東方Project,46bac269db259dfe.png,5,6,10,12+,,PiNK PLUS
Scream out! -maimai SONIC WASHER Edit-,A-One,東方Project,449641589ac0c22f.png,4,7,10+,12+,,MURASAKi
隠然,豚乙女,東方Project,65352a3ac1e871e3.png,5,7+,10,11+,12+,FiNALE
みんなの,豚乙女,東方Project,a0581a51ccfc471f.png,4,6,9,11+,,MiLK PLUS
幻想のサテライト,豚乙女,東方Project,032fe5fc9324b24e.png,4,7+,10,12+,,GreeN PLUS
待チ人ハ来ズ。,豚乙女,東方Project,7a7caebb5d771176.png,4,6,8+,12+,,GreeN PLUS
響縁,豚乙女,東方Project,8a92c33de72a570b.png,2,7,10,13,,maimaiDX 2023
囲い無き世は一期の月影,豚乙女,東方Project,9bb62e82ab7f8e14.png,5,7,9+,11+,,PiNK
儚きもの人間,豚乙女,東方Project,ed01651bd9b88e55.png,5,7+,9+,13+,,PiNK PLUS
sweet little sister,Silver Forest,東方Project,937d88b9bec425ac.png,4,6,9+,12+,,GreeN PLUS
ケロ⑨destiny,Silver Forest,東方Project,770423fd2e706318.png,3,6,10,13,,maimaiDX 2023
Phantasm Brigade,Silver Forest,東方Project,77d6fd3a8d00326a.png,5,7,10,12+,,MURASAKi
蒼空に舞え、墨染の桜,Silver Forest,東方Project,f2d9a99276c52c7b.png,4,6,10,12+,,PiNK
フラグメンツ -T.V. maimai edit-,発熱巫女～ず,東方Project,abd76d54db0d5c92.png,4,5,8+,12,,PiNK
橙の幻想郷音頭,発熱巫女～ず,東方Project,6cd2106c57409da0.png,4,6,10,12+,,PiNK
Starlight Dance Floor,発熱巫女～ず,東方Project,691d2f0910d8750d.png,4,6,9,11+,,MURASAKi PLUS
神々の祈り,舞風-MAIKAZE/沙紗飛鳥,東方Project,0ef9e229fe56a094.png,3,6,8,12,,GreeN PLUS
願いを呼ぶ季節,舞風-MAIKAZE/時音-TOKINE,東方Project,ee70905d359ecf78.png,4,6,9,12,,PiNK
明星ロケット,岸田教団＆THE明星ロケッツ,東方Project,006fe0acc3124e63.png,4,6,9,11+,12,ORANGE
緋色のDance,岸田教団＆THE明星ロケッツ,東方Project,94d6991c0998cadd.png,4,6,9+,12+,13+,ORANGE
YU-MU,岸田教団＆THE明星ロケッツ,東方Project,95e9c961555d4e4b.png,4,6,9+,12+,,PiNK
エテルニタス・ルドロジー,IRON ATTACK!,東方Project,1cbcb0782170f442.png,4,6,10,13,,PiNK PLUS
エピクロスの虹はもう見えない,SYNC.ART'S feat. 美里,東方Project,5177ad4303c2b997.png,4,6,8+,11,12+,GreeN PLUS
四次元跳躍機関,koutaq,東方Project,8a064a44f10b8684.png,4,6,9+,12+,,ORANGE PLUS
少女幻葬戦慄曲 ～ Necro Fantasia,どぶウサギ,東方Project,429ffeb7adc6ce8f.png,5,7,9+,13,,PiNK
妖精村の月誕祭 ～Lunate Elf,どぶウサギ,東方Project,1a6809509ac644e8.png,4,6,9,13,,MURASAKi PLUS
Jimang Shot,じまんぐ,東方Project,50b8ca28805478d2.png,4,6,9,12+,,PiNK
ってゐ！ ～えいえんてゐVer～,石鹸屋,東方Project,c1694a7ecbb79aeb.png,4,6,8+,12,12+,ORANGE PLUS
東方妖々夢 ～the maximum moving about～,石鹸屋,東方Project,a4614df54b44afe8.png,5,7,8+,12+,,PiNK
Yet Another ”drizzly rain”,myu314 feat.あまね(COOL&CREATE),東方Project,1bf3d25cad5ca3f1.png,4,6,9,12,,ORANGE PLUS
シアワセうさぎ,あまね＋ビートまりお(COOL＆CREATE),東方Project,b4fc0cc12303d468.png,4,6,7+,10,,GreeN PLUS
最速最高シャッターガール,ビートまりお(COOL＆CREATE),東方Project,bc2476b4b947e10c.png,3,7,9+,12,,GreeN PLUS
最終鬼畜妹・一部声,ビートまりお,東方Project,1f5a7a553d6dd749.png,5,7,11,13+,,ORANGE PLUS
ウサテイ,あまね＋ビートまりお(COOL＆CREATE),東方Project,3ad0c2206eeb3435.png,5,6,9+,13,,GreeN
クレイジークレイジーダンサーズ,ビートまりお＋あまね（COOL&CREATE）,東方Project,f997429f623af964.png,4,7,9+,11,12+,FiNALE
"Help me, ERINNNNNN!!",ビートまりお(COOL＆CREATE),東方Project,58e2f5be569854ca.png,5,6,10,11+,,GreeN
ナイト・オブ・ナイツ (Cranky Remix),ビートまりお × Cranky,東方Project,c0333c130db37fb5.png,4,7,10,13,,maimaiDX
ナイト・オブ・ナイツ,ビートまりお(COOL＆CREATE),東方Project,541de4c8cadacd0e.png,5,7+,11+,13,,maimaiDX 2024
疾走あんさんぶる,ビートまりお（COOL&CREATE）,東方Project,4ae8a044a75d8432.png,5,7+,10+,13,,MiLK
サドマミホリック,ビートまりお（COOL&CREATE）,東方Project,5345f0c108674525.png,5,7+,10,11+,12+,MiLK PLUS
最終鬼畜妹フランドール・S,ビートまりお（COOL&CREATE）,東方Project,4c119eff1271156f.png,4,7,10,11,13+,FiNALE
進め！イッスン軍団 -Rebellion of the Dwarfs-,dawn-system,東方Project,a777fcae8d83364f.png,5,7+,10,13,,MiLK PLUS
"Little ""Sister"" Bitch",t+pazolite,東方Project,02cab333c28ba150.png,5,7+,11,13,,maimaiDX
Yakumo >>JOINT STRUGGLE (2019 Update),くっちー (DARKSIDE APPROACH),東方Project,6cdb7df223e91210.png,4,7+,11,13+,,maimaiDX
Imperishable Night 2006 (2016 Refine),ゆうゆ / 篠螺悠那,東方Project,af47757324957682.png,5,7+,11,13+,,FiNALE
Calamity Fortune,LeaF,東方Project,f909efa99e6ff90b.png,5,8,11,12+,,MURASAKi PLUS
BATTLE NO.1,TANO*C Sound Team,Other Games,7aa3724d12b8a82d.png,6,8,12,14+,,maimaiDX 2021
Black Lair,削除 feat. void (Mournfinale),Other Games,d03f5507e980291c.png,5,8,11,13+,,maimaiDX
FLOWER,DJ YOSHITAKA「jubeat」より,Other Games,c155d89c7d8ca001.png,5,7,11,13+,,ORANGE
Scars of FAUNA,猫叉Master「jubeat」より,Other Games,aaa9d21bf16c8a7f.png,5,7,10,13+,,ORANGE
極圏,cosMo VS dj TAKA「SOUND VOLTEX」より,Other Games,1019619742a72b89.png,6,8+,11+,14,,FiNALE
きたさいたま2000,LindaAI-CUE(BNGI)「太鼓の達人」より,Other Games,8c567d50c8522006.png,5,7+,12+,14,,ORANGE
Ignis Danse,Yuji Masubuchi「太鼓の達人」より,Other Games,8de7dd8b8e1c1016.png,5,7,12,14,,ORANGE
夜明けまであと３秒,BNSI（Taku Inoue）「シンクロニカ」より,Other Games,da71e058b62ac120.png,6,8,12,13+,,MURASAKi
セイクリッド　ルイン,Drop＆祇羽 feat. 葉月ゆら「太鼓の達人」より,Other Games,4f11befbc2464811.png,6,8+,11,13+,,FiNALE
Got more raves？,E.G.G.「グルーヴコースター」より,Other Games,c1dd57e2618609f3.png,5,8,11+,14,,ORANGE
FUJIN Rumble,COSIO(ZUNTATA)「グルーヴコースター」より,Other Games,c023c6efc6447818.png,5,7+,10+,14,,ORANGE
Scarlet Lance,MASAKI（ZUNTATA）「グルーヴコースター3EXドリームパーティー」より,Other Games,bd702cd7e2582905.png,6,8,12,14,,FiNALE
プナイプナイせんそう,立秋 feat.ちょこ,Other Games,dab28dc48ac2eef5.png,5,8,11+,13+,,maimaiDX
Halcyon,xi,Other Games,4e2279e433710717.png,4,8,11,13,,maimaiDX 2023
サンバランド,SAMBA MASTER 佐藤,Other Games,8d27eb1fd00caf9c.png,2,7,10+,12+,,maimaiDX 2023
End Time,Cres.,Other Games,912135a524e81212.png,6,8,11+,14,,FiNALE
Altale,削除,Other Games,06dd9a1ba45f0fe6.png,4,7+,11,13,,FiNALE
Destr0yer,削除 feat. Nikki Simmons,Other Games,e930f73c462d8a84.png,4,7+,11,12+,,maimaiDX 2022
L4TS:2018 (feat. あひる & KTA),Sprite Recordings,Other Games,fed415912a10fec2.png,4,7,10+,12+,,FiNALE
B.M.S.,光吉猛修の父,Other Games,c9840f2792da9a98.png,5,8,11,14,,FiNALE
ENERGY SYNERGY MATRIX,Tanchiky,Other Games,ad29b9d9b5fe0220.png,5,8,10+,12+,,MiLK PLUS
FREEDOM DiVE (tpz Overcute Remix),t+pazolite,Other Games,cd0737f073f7c32c.png,6,8+,11+,13+,,MiLK PLUS
Brain Power,ノマ,Other Games,44ba46289dba1e84.png,5,7+,10+,13,,MiLK PLUS
Credits,Frums,Other Games,2204bfb20e3e2e1d.png,6,8,12,14,,MiLK
MilK,モリモリあつし,Other Games,2c97ebe8a5939be3.png,4,6,11,13+,,MiLK
ULTRA B+K,nora2r,Other Games,e3c0402ef104b11f.png,5,7+,10+,13+,,MiLK PLUS
GO BACK 2 YOUR RAVE,nora2r,Other Games,0909a6b99f3ad4b6.png,5,7+,11,13+,,MURASAKi PLUS
B.B.K.K.B.K.K.,nora2r,Other Games,60545b69d517fb30.png,5,8,11+,13+,,ORANGE
魔法少女になるしかねぇ,ねこみりん feat.小宮真央,Other Games,c0924efcbefbaf6c.png,5,8,11,13+,,FiNALE
人里に下ったアタイがいつの間にか社畜になっていた件,ねこみりん + nora2r feat. 小宮真央,Other Games,67e1ffddfdbf6220.png,5,8,12+,13+,,MURASAKi PLUS
Maxi,Nizikawa,Other Games,5cb01ca719a56bb5.png,5,8,11+,13+,,maimaiDX 2023
KISS CANDY FLAVOR,カラフル・サウンズ・ポート,Other Games,0ea91dd121493ccc.png,4,7,10,13,,MURASAKi PLUS
conflict,siromaru + cranky,Other Games,a276e29d2cfb99f3.png,4,8,11,12+,,MURASAKi
EVERGREEN,Cranky,Other Games,e969be670313581f.png,4,7,10+,12+,,FiNALE
Party 4U ”holy nite mix”,Cranky,Other Games,465d916c705e0813.png,5,7,10+,13+,,PiNK
GOODMEN,EBIMAYO,Other Games,72ed93432617d0dc.png,5,7,10,13,,MURASAKi
Sakura Fubuki,Street,Other Games,4eb6421febba913f.png,4,7,11,13+,,MURASAKi
METATRON,SHIKI,Other Games,1a95ad12ccd7eb13.png,6,8,11+,13+,,PiNK PLUS
オモイヨシノ,loos feat. 柊莉杏,Other Games,1daa4ab6b25d66ca.png,4,7,9+,12+,,PiNK
L9,paraoka,Other Games,a9eaaab7eea3b2cf.png,6,7,9+,13,,ORANGE PLUS
"Good Bye, Mr. Jack",sasakure.UK,Other Games,f6be8f89a455649e.png,5,8,11+,13+,,FiNALE
Jack-the-Ripper◆,sasakure.UK,Other Games,face36da229c0923.png,5,8,11,13+,,GreeN PLUS
DRAGONLADY,Nankumo/CUBE3,Other Games,59a5b2945d35ee7a.png,5,7,11+,13+,,GreeN PLUS
レッツゴー!陰陽師,「新豪血寺一族 -煩悩解放-」,Other Games,40103bc4df5c4632.png,3,6,8+,12+,,GreeN PLUS
オパ! オパ! RACER -GMT mashup-,COSIO(ZUNTATA/TAITO)「ファンタジーゾーン」「RIDGE RACER」,Other Games,b596ea69b00562cb.png,4,6,9+,13,,GreeN PLUS
電車で電車でOPA!OPA!OPA! -GMT mashup-,Yuji Masubuchi(BNGI)「電車でGO!」「ファンタジーゾーン」,Other Games,8eb85b669213f437.png,4,6,10+,13+,,GreeN PLUS
リッジでリッジでGO!GO!GO! -GMT mashup-,Hiro(SEGA)「RIDGE RACER」「電車でGO!」,Other Games,1502f855bf3b76cf.png,4,6,10+,12+,,GreeN PLUS
電車で電車でGO!GO!GO!GC! -GMT remix-,COSIO(ZUNTATA/TAITO)/沢城千春「電車でGO!」,Other Games,c1755c85cfa90fb5.png,4,6,8,11+,,GreeN PLUS
RIDGE RACER STEPS -GMT remix-,Yuji Masubuchi(BNGI)「RIDGE RACER」,Other Games,489d5189ec8e2a11.png,5,7,10+,13,,GreeN PLUS
ファンタジーゾーン OPA-OPA! -GMT remix-,Hiro(SEGA)「ファンタジーゾーン」,Other Games,10d4b8923d34d87e.png,4,6,9+,12+,,GreeN PLUS
DADDY MULK -Groove remix-,Performed by SEGA Sound Unit [H.],Other Games,97be2a3d2ea25489.png,4,6,11,13,13,GreeN
デコボコ体操第二,光吉猛修＆体操隊,Other Games,8e08d39727825f8a.png,4,6,8,10,,maimai PLUS
Let's Go Away,光吉猛修「デイトナ Championship USA」,Other Games,7f3394dea112af97.png,4,7,9+,12,,MiLK PLUS
Conquista Ciela,光吉猛修「バーチャロン」,Other Games,874bdbc240420d33.png,4,6,8+,12,,MiLK PLUS
Fist Bump,"大谷智哉, Douglas Robb from Hoobastank「ソニック フォース」",Other Games,0472103fd50f1f67.png,5,7+,10,12,,MiLK PLUS
Reach For The Stars,"大谷智哉, Jean Paul Makhlouf of Cash Cash「ソニック カラーズ」",Other Games,3e05f30cf1972775.png,5,7+,9+,13,,maimai
Live & Learn,Crush 40「ソニックアドベンチャー2」,Other Games,d56dc89f76dbba33.png,4,6,10,12+,,GreeN PLUS
Back 2 Back,長沼英樹「ソニック ラッシュ」,Other Games,a8fdea5dc529ecbd.png,5,7,9+,13,,GreeN PLUS
Windy Hill -Zone 1,大谷智哉「ソニック ロストワールド」,Other Games,3b51edc59a9656a8.png,4,7,9+,12+,,GreeN PLUS
City Escape: Act1,Cash Cash「ソニック ジェネレーションズ」,Other Games,81b2f582c74e1dce.png,4,5,8+,12,12,maimai
Rooftop Run: Act1,大谷智哉「ソニック ジェネレーションズ」,Other Games,76099ef5228c3669.png,4,6,10+,11+,12+,maimai
終わりなき物語,クーナ(CV 喜多村英梨)「PHANTASY STAR ONLINE 2」,Other Games,31100adb0987e724.png,4,6,9+,12,,PiNK PLUS
Save This World νMIX,「PHANTASY STAR PORTABLE」,Other Games,1cb40b23f3af8305.png,5,7,9,12+,12,GreeN
Living Universe,「PHANTASY STAR PORTABLE2」,Other Games,d7fff9c9d63c5a82.png,4,7,9,11,12,GreeN
Ignite Infinity,「PHANTASY STAR PORTABLE2 ∞」,Other Games,30b516a0c2d64f97.png,4,6,10+,12,,GreeN
Garden Of The Dragon,Kai「Wonderland Wars」,Other Games,31a6e74fc82a0af4.png,3,6,10+,12+,,PiNK
時空を超えて久しぶり！,アルル(CV 園崎未恵)「ぷよぷよ」,Other Games,ff5ca30df34724ec.png,3,5,9,12,,GreeN
Her Dream Is To Be A Fantastic Sorceress,アミティ(CV 菊池志穂)「ぷよぷよ」,Other Games,7ae04c35269c0db1.png,3,6,9+,10+,,GreeN
キズナの物語,Trefle「チェインクロニクル」,Other Games,99ef712bdad6ff53.png,4,6,8,12+,,GreeN PLUS
STAIRWAY TO GENERATION,Yosh(Survive Said The Prophet),Other Games,c8f5ebca97ac99ee.png,5,7,10,12+,,MURASAKi
Last Brave ～ Go to zero,MECHANiCAL PANDA「BORDER BREAK」,Other Games,c86fa66b7e7641aa.png,4,7,10+,13,,MURASAKi
Urban Crusher [Remix],「BORDER BREAK」,Other Games,d60259eeb7cc6248.png,6,8,12,12+,,maimai
Catch The Future,「BORDER BREAK UNION」メインテーマ,Other Games,03baed79efbb3e54.png,5,7+,9+,12,,maimai
awake,下田麻美「Shining・Force CROSS ELYSION」,Other Games,a72c9e1c55872eee.png,4,7+,8,12+,,GreeN
Terminal Storm,三草康二郎「CODE OF JOKER」,Other Games,24a98d74754d67de.png,4,7,10,13,,GreeN
After Burner,東京アクティブNEETs,Other Games,aab5ca295b9d0369.png,5,7+,10+,13,,PiNK
Space Harrier Main Theme [Reborn],佐野 信義「スペースハリアー」,Other Games,2f730929cef3fa6e.png,5,6,10+,13,,maimai PLUS
Quartet Theme [Reborn],COSIO(ZUNTATA/TAITO)「カルテット」,Other Games,781f4b930961ea60.png,4,6,10+,12,,maimai PLUS
Sky High [Reborn],大久保 博(BNGI)「デイトナ USA」,Other Games,c6b173c0ac3c2a19.png,5,7,9+,12,12,maimai PLUS
Like the Wind [Reborn],sampling masters MEGA「パワードリフト」,Other Games,0fe32017bb6280d5.png,5,8,10,13+,,maimai PLUS
YA･DA･YO [Reborn],古代 祐三「ファンタジーゾーン」,Other Games,1cb752563c0aaa9d.png,4,7+,12,12+,,maimai PLUS
Crush On You,福山光晴「Crackin’DJ」,Other Games,655e0ae2bac3cb0d.png,4,6,8,10+,13+,maimai
Sun Dance,Hiro「Crackin’DJ」,Other Games,aca38878fc022dcb.png,4,6,7+,10+,13+,maimai
In Chaos,Hiro「Crackin’DJ」,Other Games,a044abc0c8fca1cf.png,5,6,8+,11+,14+,maimai
Beat Of Mind,Hiro「Crackin’DJ」,Other Games,2aea2c2fbd7c0b2a.png,6,8,10+,11,14,maimai
Natural Flow,KENTARO「Crackin’DJ」,Other Games,7867688c4ab0adf2.png,4,7,10+,12,,maimai PLUS
JACKY [Remix],「バーチャファイター」,Other Games,0f69f3123db19f49.png,4,6,10,13,13,maimai
Mysterious Destiny,「BAYONETTA(ベヨネッタ)」,Other Games,27f03e7294044bd8.png,4,6,11+,12+,,GreeN
Riders Of The Light,「BAYONETTA(ベヨネッタ)」,Other Games,518b49bea5bb7554.png,3,6,10+,12,,GreeN
コトバ・カラフル,うたよめ575＜正岡小豆(大坪由佳)小林抹茶(大橋彩香)＞,Other Games,8d9f5283fc6a2890.png,3,6,7,13,,GreeN PLUS
天国と地獄,スーパーラバーズ「赤ちゃんはどこからくるの？」,Other Games,1957d22b99bec8fc.png,5,7,9,12+,,maimai
きみのためなら死ねる,スーパーラバーズ「きみのためなら死ねる」,Other Games,2e40a6e7ff485668.png,4,6,9,12,,maimai
The Great Journey,光吉猛修「ホルカ・トルカ」,Other Games,1e13b329e829f3ef.png,4,6,9,11,,ORANGE
Burning Hearts ～炎のANGEL～,幡谷尚史 Arranged by SEGA Sound Unit [H.]「バーニングレンジャー」,Other Games,243925fb558d75b6.png,4,7,9+,11+,13+,GreeN
かせげ！ジャリンコヒーロー,角田信朗「ヒーローバンク」,Other Games,3c6a2505eadb3ba2.png,4,6,8+,11,,GreeN PLUS
ココロスキャンのうた,ササキトモコ「音声感情測定器ココロスキャン」,Other Games,c6bc8a091cf2f21e.png,4,6,10,13,,GreeN
超絶！Superlative,Keitarou Hanada「戦国大戦」,Other Games,8f56b649f325c443.png,5,7+,10+,12+,,maimai PLUS
采配の刻 Power of order,Keitarou Hanada「戦国大戦」,Other Games,30b0b198224f5901.png,5,7+,10+,12+,,maimai PLUS
DO RORO DERODERO ON DO RORO,怒髪天「百鬼大戦絵巻」,Other Games,c7d50e554e2b7083.png,5,8,12+,13,,maimai PLUS
源平大戦絵巻テーマソング,新小田夢童 ＆ キラ★ロッソ,Other Games,ad6ef476a7500798.png,5,7+,9+,12,,maimai
怪盗Rのテーマ,大谷智哉「リズム怪盗R 皇帝ナポレオンの遺産」,Other Games,7164862f8378206f.png,5,7,9,12,,maimai
マリアをはげませ,大谷智哉「リズム怪盗R 皇帝ナポレオンの遺産」,Other Games,3cdf01424c744832.png,4,6,7+,11,,maimai
SHOW TIME,幡谷尚史「リズム怪盗R 皇帝ナポレオンの遺産」,Other Games,fc99cd2f2ca000cb.png,4,5,7+,12,,maimai
円舞曲、君に,「サクラ大戦奏組」,Other Games,10c3b14dbeaabd3c.png,4,6,10,12+,,GreeN
御旗のもとに,「サクラ大戦」,Other Games,f364b690f9a0bff3.png,4,6,11,12,,maimai PLUS
地上の戦士,「サクラ大戦」,Other Games,5fafe30c7a522302.png,4,6,9+,12,,maimai PLUS
檄！帝国華撃団(改),「サクラ大戦」,Other Games,15dfff539a968c89.png,4,6,8,10,12+,maimai
Outlaw's Lullaby,「龍が如く２」,Other Games,d54f61d4d4db472a.png,4,7+,9+,13+,,GreeN PLUS
Brand-new Japanesque,「龍が如く 見参！」,Other Games,857f35176a1b0262.png,4,7,9+,12,,GreeN PLUS
鼓動,青木 千紘「龍が如く 維新！」,Other Games,10233a1022cd8bb8.png,3,6,9+,13,,GreeN PLUS
神室雪月花,桐生 一馬「龍が如く」,Other Games,5db62229a9499d1e.png,4,6,11,12,,GreeN
KONNANじゃないっ！,澤村 遥「龍が如く５ 夢、叶えし者」,Other Games,626df36e28466c99.png,4,6,8,12+,,GreeN
セガサターン起動音[H.][Remix],Hiro,Other Games,6cb5afa2c0d02884.png,3,6,10,12,,GreeN
ヤミツキ,MARETU,maimai,3b28c5e61347edff.png,4,7,10,12,,maimaiDX
Secret Sleuth,島爺×蜂屋ななし,maimai,5ad3f5870e9aef1a.png,4,7,10+,12+,13+,maimaiDX
BLACK ROSE,S!N・+α/あるふぁきゅん。×ALI PROJECT,maimai,d780386f7cfd83ad.png,3,6,9+,11+,,maimaiDX
言ノ葉カルマ,そらる・ろん×れるりり,maimai,002fd27f211f7318.png,4,6,9+,12+,,GreeN PLUS
悪戯,ろん×田中秀和(MONACA),maimai,32be3820034e98ed.png,4,6,9,12+,,ORANGE PLUS
言ノ葉遊戯,S!N・高橋菜々×ひとしずく・やま△,maimai,e5ad9385a78a241c.png,4,7,9+,12,,PiNK
りばーぶ,高橋菜々×岡部啓一(MONACA),maimai,b7dac386e1eddb42.png,3,6,8+,10+,,PiNK
洗脳,ゆりん・柿チョコ×Neru,maimai,29eb81a88a8533ec.png,4,6,9+,11+,12,PiNK PLUS
Barbed Eye,柿チョコ×みきとP,maimai,a6f20b5214b80a25.png,4,6,9+,12,,PiNK PLUS
空威張りビヘイビア,un:c・ろん×じーざすP,maimai,aaf8fe426178b1cf.png,4,7,9+,13,,MURASAKi
分からない,ろん×黒魔,maimai,d8bcd053f3741728.png,4,7+,10+,13+,,MURASAKi
天国と地獄 -言ノ葉リンネ-,伊東歌詞太郎・ろん×れるりり,maimai,375dd6a3094c9d00.png,4,6,10+,12+,,MURASAKi PLUS
相思創愛,伊東歌詞太郎・ろん×まらしぃ,maimai,1f70c4073aab967b.png,5,7+,10,13,,MURASAKi PLUS
咲キ誇レ常世ノ華,Sou×マチゲリータ,maimai,f3a23375b79c2a8c.png,5,7,10+,13,,MiLK
Valsqotch,owl＊tree feat.chi＊tree,maimai,d394210103ee76c3.png,6,8+,13,14+,,maimaiDX
UniTas,"Masahiro ""Godspeed"" Aoki VS Kai",maimai,a7c4c1462f81284a.png,5,8,11+,14,,maimaiDX
モ°ルモ°ル,sasakure.UK,maimai,f0ae8cae2fae4f11.png,6,8,12,13+,,maimaiDX
ここからはじまるプロローグ。,ああああ,maimai,c4360c3533c50d49.png,4,7+,10+,13,,maimaiDX
絡めトリック利己ライザー,じーざす（ワンダフル☆オポチュニティ！）feat.Kradness,maimai,6e8cce3f2599eb13.png,5,7+,10+,12,,maimaiDX
アポカリプスに反逆の焔を焚べろ,cosMo＠暴走AlterEgo,maimai,5b142977c87d85d1.png,6,8,12,14,,maimaiDX
TEmPTaTiON,かねこちはる,maimai,492c768653001e2a.png,6,8,12,14+,,maimaiDX
Now or Never,MintJam,maimai,611619306640df12.png,5,7,10,13,14,maimaiDX
福宿音屋魂音泉,魂音泉,maimai,d460c9541b932e05.png,4,7,10+,12+,,maimaiDX
キリキリ舞Mine,A-One,maimai,6ef94b83aa8b6213.png,5,7+,11,13,,maimaiDX
一か罰,豚乙女,maimai,1873c61115b01c98.png,5,7+,11,12+,,maimaiDX
♡マイマイマイラブ♡,ビートまりお,maimai,392f29c0cc1df489.png,5,7+,10,13,,maimaiDX
Blows Up Everything,USAO,maimai,6791fcbbde5a1056.png,6,9,11+,13+,14,maimaiDX
TwisteD! XD,t+pazolite,maimai,ff21a1154316f6e7.png,5,8+,11,13,,maimaiDX
魔ジョ狩リ,Nothing But Requiem (feat.Aikapin & Chiyoko),maimai,571080deee3ca1df.png,6,8,11,13+,,maimaiDX
Technicians High,HiTECH NINJA,maimai,c4517515ab865372.png,5,8,11,13,,maimaiDX 2022
Scarlet Wings,REDALiCE feat. Ayumi Nomiya,maimai,0658c9340f90f5c8.png,4,7+,10,12+,,maimaiDX
STEREOSCAPE,164 feat. めいちゃん,maimai,66080b430db9b49c.png,3,6,9,12,,maimaiDX
Crazy Circle,みきとP feat. FantasticYouth,maimai,38542e3373e20ae4.png,3,6,9,12,,maimaiDX
バーチャルダム　ネーション,Sampling Masters MEGA,maimai,d95b9e9492d691ec.png,4,8,10+,13,14,maimaiDX
MAXRAGE,EBIMAYO,maimai,0a0caa488ad79b61.png,5,7+,11,13+,14,maimaiDX
P-qoq,owl＊tree,maimai,83b0d1eecad1ca6c.png,3,7,10,12+,,maimaiDX
超常マイマイン,ナユタン星人,maimai,70510086327c010b.png,3,7,10,12,,maimaiDX
でらっくmaimai♪てんてこまい!,やしきん feat.でらっくま(CV:三森すずこ),maimai,461917094fed4012.png,5,7+,10,12,,maimaiDX
SILENT BLUE,かねこちはる,maimai,b80623d7b2aceb77.png,5,8,11+,14+,,MiLK PLUS
雷切-RAIKIRI-,kanone,maimai,be3cf43e80e9462e.png,6,8,11+,14,14+,FiNALE
花と、雪と、ドラムンベース。,kanone feat. せんざい,maimai,52e9a79b5e6a2ef5.png,6,8,11+,14,13+,MiLK PLUS
Ragnarok,sky_delta,maimai,94d6673eb9213df0.png,6,8,11,13+,,MiLK PLUS
larva,ガリガリさむし,maimai,f233a82bddb1a450.png,6,8,12,14+,,MiLK PLUS
keep hopping,kamome sano,maimai,5844e4d9be870ea5.png,5,7+,11,13+,,MiLK PLUS
FestivaLight,霜月はるか,maimai,0eb09893faf14e98.png,4,7,9,13,,MiLK PLUS
Excalibur ～Revived resolution～,Project Grimoire,maimai,75d7dea600e4b298.png,6,9,12,14+,,MiLK
Caliburne ～Story of the Legendary sword～,Project Grimoire,maimai,7750698f692b00cd.png,6,8,12,14,,ORANGE
Justified,MintJam feat.光吉猛修,maimai,4e33f9f34a93e2d6.png,4,8,11+,13+,,MiLK
Mare Maris,M2U,maimai,1e9af41f9bc2d931.png,5,8,11,13+,,MiLK
Candy Tall Woman,naotyu- feat. 佐々木恵梨,maimai,55fb88b702a08667.png,5,7,10+,13,,MiLK
Kinda Way,good-cool ft. Pete Klassen,maimai,f38af721d7001037.png,4,7+,10+,12,,MiLK
Signature,Palme,maimai,066036caeabc8d02.png,4,7+,11,13,,MiLK
Magical Flavor,DECO*27 feat.Tia,maimai,c8caa99931db189d.png,4,7,9,12+,,MiLK
デスパレイト,owl＊tree,maimai,c2b3175e6891f561.png,5,7+,10+,13,,MURASAKi PLUS
Moon of Noon,Sampling Masters MEGA,maimai,60d856b88ea0f2b3.png,6,8,12,14,,MURASAKi PLUS
Ultranova,A4paper,maimai,8d5c2f19a804346a.png,5,7+,11+,13+,,MURASAKi PLUS
曖昧mind,Halozy,maimai,70e127f45fbd2ed9.png,5,7+,10+,12+,,MURASAKi PLUS
Limit Break,DiGiTAL WiNG,maimai,89183dee05c31701.png,5,7,10,12+,,MURASAKi PLUS
オトヒメモリー☆ウタゲーション,Junky,maimai,c20ee423d01b854a.png,4,7,10,12,,MURASAKi PLUS
夢花火,豚乙女,maimai,b63d151f8c3db8ad.png,5,7+,10,13,,MURASAKi PLUS
いっしそう電☆舞舞神拳！,さつき が てんこもり feat. YURiCa/花たん,maimai,4bbae54dd05376fd.png,5,7+,10,13,,MURASAKi
FFT,cybermiso,maimai,866ca42598db8c01.png,6,8+,12,14,14,FiNALE
Panopticon,cybermiso,maimai,daac7472da31196b.png,5,8+,11+,14,14,MURASAKi
四月の雨,cubesato,maimai,2894412cc7a3cf4e.png,4,7+,11,13+,,MURASAKi
ねぇ、壊れタ人形ハ何処へ棄テらレるノ？,cosMo＠暴走P,maimai,b683efde84f7858e.png,6,8,12,14,,MURASAKi
Imitation:Loud Lounge,Ino(chronoize),maimai,f68e98cac90bcdf5.png,5,7,11+,12+,,MURASAKi
HERA,ルゼ,maimai,dee5503743aec8dc.png,6,8,11+,14,,MURASAKi
Selector,Aliesrite* (Ym1024 feat. lamie*),maimai,677bde96e3495e92.png,5,7,10+,13+,,MURASAKi
Alea jacta est!,BlackY fused with WAiKURO,maimai,60d2b1b662ae5823.png,6,8+,12,14,14+,FiNALE
AMAZING MIGHTYYYY!!!!,WAiKURO,maimai,b642cd32bc38692a.png,6,9,13,14+,14,PiNK PLUS
CITRUS MONSTER,D-Cee,maimai,2d53766d4a3020c0.png,6,8,11+,14,,PiNK PLUS
Hyper Active,HiTECH NINJA,maimai,67e3a3c032727be5.png,6,8,12+,13+,,PiNK PLUS
Jumble Rumble,INNOCENT NOIZE,maimai,cf0f60c2aa35ac13.png,5,8,11+,13+,,PiNK PLUS
Nitrous Fury,Jun Senoue,maimai,bf49149f0461dc43.png,6,7+,11,13+,,PiNK PLUS
Revive The Rave,void(Mournfinale),maimai,b24578a4495292cf.png,6,8,11+,13,,PiNK
GEMINI -M-,Tatsh,maimai,2b27ffdc25ce0e9c.png,6,7,10+,13+,,PiNK
スリップフリップ,tilt-six feat.串伊トモミ,maimai,cae6cc3ea0d93a64.png,4,7,9+,13+,,PiNK
天火明命,削除,maimai,44a824b696e80c18.png,5,8+,12+,13+,,MURASAKi
7thSense,削除,maimai,fb042d053168ef56.png,6,8,10+,14,,PiNK
PANDORA PARADOXXX,削除,maimai,35b2760a42a8eebe.png,7+,10+,13+,14+,15,FiNALE
Lividi,Feryquitous,maimai,f614f3c776a56c88.png,5,8+,12+,14,,MURASAKi
Axeria,AcuticNotes,maimai,37a5eaf55d5e4d32.png,6,7+,11+,14,,ORANGE PLUS
the EmpErroR,sasakure.UK,maimai,e5a64880bc872e8b.png,5,9+,12+,14+,14+,FiNALE
ガラテアの螺旋,sasakure.UK,maimai,0c110a5873857c5f.png,6,8,12+,14,14+,ORANGE PLUS
QZKago Requiem,t+pazolite,maimai,5c4531323f4aadcf.png,6,9+,12,14+,14+,FiNALE
Our Wrenally,t+pazolite,maimai,cde51cc89f91dd8a.png,6,9,12,14+,,MURASAKi
Contrapasso -paradiso-,t+pazolite,maimai,d2de6981019288a0.png,6,8+,12,14,,PiNK PLUS
Oshama Scramble!,t+pazolite,maimai,64635a3534ce788a.png,5,8+,11,13,,ORANGE PLUS
Garakuta Doll Play,t+pazolite,maimai,a259af51e0b9d863.png,6,8,12,14,14+,GreeN
Blew Moon,t+pazolite,maimai,6891e59c82beef64.png,4,8,11,12+,13,GreeN
We Gonna Party,Cranky,maimai,a29a68c61ddd6e50.png,6,7+,11+,13,13+,maimai PLUS
MYTHOS,Cranky feat. まらしぃ ＆ てっぺい先生,maimai,cf794d85900e873d.png,4,7+,11,14,,GreeN PLUS
Life Feels Good,Cranky,maimai,cdf0971ddf086c2d.png,5,8,11+,13+,,GreeN PLUS
Glorious Crown,xi,maimai,0c142b42f0e37845.png,6,9+,12+,14+,,PiNK
Aiolos,xi,maimai,3982693e19e7ee22.png,6,8,11+,14,,ORANGE PLUS
LANCE,Ras,maimai,13a02896f41941ef.png,5,7+,10,13,,ORANGE PLUS
Dragoon,Shandy kubota,maimai,bf6a041e1c971bdd.png,5,7+,9+,13,14,ORANGE
Death Scythe,SHIKI,maimai,f4e1193a7dc748ea.png,5,7+,11,13,14,GreeN
LUCIA,SHIKI,maimai,38dd2f26285ee2f8.png,4,6,11,12,13,GreeN
D✪N’T ST✪P R✪CKIN’,EB(aka EarBreaker),maimai,fa4ab1b07c950368.png,5,7,10+,13+,13,ORANGE PLUS
oboro,ヒゲドライバー,maimai,19b8ef35f1800884.png,5,7,11,13,,ORANGE
CYCLES,Masayoshi Minoshima feat. 綾倉盟,maimai,2e64a1f5e2e4b832.png,5,7,9+,13,,GreeN PLUS
Lionheart,Masayoshi Minoshima,maimai,345bf181e0e2a38f.png,6,7,10,12+,,maimai PLUS
Heartbeats,RAMM feat. 若井友希,maimai,7e09354e3062f772.png,4,8,10+,12+,,GreeN PLUS
Acceleration,REDALiCE,maimai,fc4f7485268a2839.png,6,7+,10+,12+,,maimai PLUS
End of Twilight,ALiCE'S EMOTiON feat. Ayumi Nomiya,maimai,649b07a8bbe01a97.png,4,7,10+,12+,,GreeN PLUS
JUMPIN' JUMPIN',SOUND HOLIC feat. Nana Takahashi,maimai,d3254db452d7bf2d.png,4,7+,10+,12,,GreeN
L'épilogue,SOUND HOLIC feat. Nana Takahashi,maimai,55b095f9217865b2.png,5,7,10+,13+,,GreeN
FEEL ALIVE,ELEMENTAS feat. NAGISA,maimai,b6fcfb51e60145a0.png,5,8,11,13,,maimai PLUS
FEEL the BEATS,A-One,maimai,aeebc3dec7433096.png,5,7+,10,13,13+,PiNK
BREAK YOU!!,A-One,maimai,f6e30582f79af660.png,5,6,10,13,,GreeN
KING is BACK!!,A-One,maimai,f051590fb4cf9e96.png,5,8,10+,13+,,MURASAKi PLUS
Streak,ARM(IOSYS),maimai,3cb7213bbbf15068.png,6,7,11+,13,,maimai PLUS
Spin me harder,D.watt(IOSYS)feat. Asana,maimai,9297d312adadbabf.png,6,7,11,13,,maimai PLUS
Turn around,Clean Tears,maimai,1c7a37b61084b07c.png,6,7,12,13,,maimai PLUS
SPILL OVER COLORS,矢鴇つかさ feat. kalon.,maimai,ef8dd39a0468c359.png,4,7+,10+,13,,MiLK
Schwarzschild,Tsukasa,maimai,2454ef7c65d00f77.png,6,8+,11+,13+,14+,FiNALE
Black Out,Tsukasa(Arte Refact),maimai,cf0c75be95ea0056.png,6,7,12,12+,,maimai PLUS
Fragrance,Tsukasa(Arte Refact),maimai,2bb3f7cff734ce6a.png,5,8,12,14,14,maimai PLUS
Nerverakes,Taishi,maimai,de90828ed738aa17.png,6,7,10+,13+,,maimai PLUS
Sprintrances,Taishi,maimai,cfcb71703c6ce7a1.png,5,7+,10,12+,,maimai PLUS
air's gravity,zts,maimai,aee19bd4029d2d47.png,5,7+,10,13,13,maimai PLUS
Night Fly,発熱巫女～ず,maimai,576d1cf555d8b20e.png,4,7,10+,12+,12+,maimai PLUS
Feel My Fire,発熱巫女～ず,maimai,e5ddcd58940726b0.png,4,8,10,12+,,maimai PLUS
Starlight Disco,loos feat. Meramipop,maimai,055586e227c60d9c.png,4,7,11+,13,,maimaiDX 2023
ENJOY POLIS,LOPIT,maimai,b20f7689f45f7fd2.png,5,7,9+,12,,FiNALE
記憶、記録,LOPIT(SEGA),maimai,d3b6c643833fed2b.png,4,8,10,13,,GreeN
connecting with you,Takahiro Eguchi feat. 三澤秋,maimai,731371df3ac09a9c.png,4,7,9+,12+,,PiNK PLUS
アージェントシンメトリー,Sta feat.b,maimai,4f526bd3f2d19ef2.png,4,6,9+,12+,13+,PiNK
Dreampainter,Sta feat.tigerlily and DOT96,maimai,def8c4162b0cb791.png,4,7,10,12,,ORANGE
Monochrome Rainbow,Sta,maimai,89ff5ab582f47732.png,4,8,11,13,,maimaiDX 2024
Beat of getting entangled,Shoichiro Hirata,maimai,1302aa1b571e7ef0.png,5,8,11+,13+,14,GreeN
MIRROR of MAGIC,Shoichiro Hirata feat.SUIMI,maimai,967e724b039ec9dc.png,4,7,9+,12+,,ORANGE
Cosmic Train,Shoichiro Hirata feat.SUIMI,maimai,cb8668f6f951b5ac.png,4,5,9+,11+,,GreeN
Believe the Rainbow,Shoichiro Hirata feat.Sana,maimai,8cba62be80c4af2d.png,4,7+,9,12+,,FiNALE
高気圧ねこロック,小野隊長とJimmy親分,maimai,91e7bba0add6385c.png,5,8,10+,13,,PiNK PLUS
Prophesy One,vox2（小野秀幸）,maimai,b1db65900e40e9b0.png,6,8,11,14,,PiNK PLUS
BETTER CHOICE,Jimmy Weckl feat.高貴みな,maimai,118a606730c3ff82.png,5,7,9+,12,,ORANGE
Get Happy,Jimmy Weckl,maimai,11db059774cf5254.png,5,7,11+,13,,GreeN
System “Z”,Jimmy Weckl,maimai,b9f9c95d02592f5c.png,5,8,12,14,14,GreeN
ユビキリ,山根ミチル,maimai,d5f50f1f3dc4f4d0.png,4,7,10+,12+,,MURASAKi PLUS
火炎地獄,山根ミチル,maimai,4f5af85242e1b088.png,4,7+,12,14,,maimaiDX 2023
Danza zandA,福山光晴,maimai,94647b34168e743e.png,4,7,9+,12+,13,GreeN PLUS
planet dancer,樽木栄一郎,maimai,e1fa4c7cb49a9a84.png,5,7,10,12+,13,ORANGE
ナミダと流星,芳川よしの,maimai,5704ab871a0f61c3.png,5,7,9+,12,,ORANGE PLUS
ピーマンたべたら,カタオカツグミ,maimai,242be907a6d59e16.png,5,6,10,13,,ORANGE
maimaiちゃんのテーマ,YMCK,maimai,e133ba6602be1ed9.png,4,6,8,11+,,maimai PLUS
Pixel Voyage,YMCK,maimai,98b32bbc7a3635da.png,3,6,8+,12,,GreeN
maiム・maiム feat.週刊少年マガジン,にしもと先生、タクマ、どんちゃん「ちょっと盛りました。」,maimai,1610aea48e042a78.png,4,6,10,12+,,GreeN
タカハせ！名人マン,ビートまりお + ARM feat. 高橋名人,maimai,f671bf7482912046.png,4,6,8+,13,,GreeN PLUS
みんなのマイマイマー,ビートまりお(COOL＆CREATE)+ ARM(IOSYS),maimai,13c3b84c3a9f754f.png,4,7+,10,13,,GreeN
welcome to maimai!! with マイマイマー,Hiro feat.越田Rute隆人&ビートまりお,maimai,3671233295ca7a09.png,5,7,8+,12,,ORANGE PLUS
ぐるぐるWASH！コインランドリー・ディスコ,D.watt(IOSYS)feat.ちよこ,maimai,eaccafed32ffe317.png,4,6,8+,11+,,GreeN PLUS
Sweets×Sweets,Team-D,maimai,9c2ec21fc9eb6a08.png,5,6,8,10+,,maimai
虹と太陽,GOSH/manami,maimai,4790ce1143cd00b8.png,5,7,9+,12,,maimai
Color My World,GOSH/クラシック「悲愴」,maimai,324889241d4d12cf.png,4,6,8+,11+,,maimai
True Love Song,Kai/クラシック「G線上のアリア」,maimai,c7cfd8a91e0436ac.png,4,6,9,11+,,maimai
ソーラン☆節,光吉猛修,maimai,50c1e16531d2c478.png,5,7,10,13,,maimai PLUS
おても☆Yan,光吉猛修,maimai,a3c48c499abf548a.png,4,6,9,12,,ORANGE
炭★坑★節,Kai/光吉猛修,maimai,a9db8ef3ca824a83.png,4,6,9+,13,,maimai
ネコ日和。,Kai/能登有沙,maimai,30eb032b16877275.png,5,7,7+,11,,maimai
犬日和。,RYOHEI KOHNO/森綾香,maimai,9e21afb73ce3ee65.png,4,6,9,11+,,maimai PLUS
Endless World,RYOHEI KOHNO/保立美和子,maimai,387a91b8fee31725.png,4,6,10,12,12+,maimai PLUS
Backyun! －悪い女－,青木千紘/愛海,maimai,9809562861a2078e.png,4,6,10+,12,12+,GreeN
BaBan!! －甘い罠－,Hiro/永江理奈,maimai,293f8b95a06130fc.png,5,7+,11,12,,maimai
オレンジの夏,Hiro/タクマロ,maimai,36697811028a024a.png,5,6,9,11+,,maimai
ぴぴぱぷぅ！,Hiro/小山あかり,maimai,ba436a1cf6e84d58.png,3,7,10,12+,,maimai PLUS
炎歌 -ほむらうた-,Hiro/森山愛子,maimai,40800dfb586539a2.png,4,6,10+,13,,maimai PLUS
泣き虫O'clock,Hiro/友香,maimai,ce88f720f8f7e8fe.png,4,7,9+,12+,12,maimai PLUS
ジングルベル,SEGA Sound Unit [H.],maimai,5c0567c39670fbf4.png,5,7+,10+,14+,,maimaiDX 2023
VERTeX,Hiro「maimai」より,maimai,23941430342ce007.png,5,8,10+,14,,ORANGE
STARTLINER,曲：kz(livetune)／歌：オンゲキシューターズ,CHUNITHM,ed96c2a200c81d55.png,3,6,9,11+,,maimaiDX
Jump!! Jump!! Jump!!,曲：宮崎誠／歌：オンゲキシューターズ,CHUNITHM,e5cbb7f29dbf12dc.png,4,7,9,11+,,maimaiDX
Titania,xi,CHUNITHM,a6dce38910fd32d7.png,6,8,12,14,,maimaiDX
Change Our MIRAI！,イロドリミドリ「CHUNITHM」,CHUNITHM,568e34031762aaf8.png,5,7+,10,12,,ORANGE PLUS
無敵We are one!!,イロドリミドリ「CHUNITHM」,CHUNITHM,b44a992aeb6ad9e7.png,5,7+,9,13,,PiNK PLUS
ドキドキDREAM!!!,イロドリミドリ「CHUNITHM」,CHUNITHM,183c72809f3e8984.png,5,7+,10+,12+,,MURASAKi
Still,イロドリミドリ「CHUNITHM」,CHUNITHM,18b14187eb4df723.png,4,6,10,13,,MiLK
Session High⤴,イロドリミドリ「CHUNITHM」,CHUNITHM,e5e9134fbae3c1da.png,5,6,9,12,,MiLK PLUS
Agitation！,舞ヶ原高校軽音部,CHUNITHM,4d22545493b5a4e0.png,4,7,10,11+,,maimaiDX
管弦楽組曲 第3番 ニ長調「第2曲（G線上のアリア）」BWV.1068-2,月鈴 那知（ヴァイオリン） 伴奏：イロドリミドリ,CHUNITHM,6dde61e843ceca00.png,4,7+,10,13+,,maimaiDX
ハート・ビート,明坂 芹菜(CV:新田 恵海),CHUNITHM,955f6569cc70f255.png,5,7,9+,12+,,PiNK PLUS
brilliant better,御形 アリシアナ(CV:福原 綾香),CHUNITHM,e5c586fc9166114d.png,5,6,10+,12+,,PiNK PLUS
フォルテシモBELL,天王洲 なずな(CV:山本 彩乃),CHUNITHM,77147226172792be.png,3,6,8,11+,,MURASAKi
DETARAME ROCK&ROLL THEORY,箱部 なる(CV:M・A・O),CHUNITHM,d3a429e38da60e5a.png,4,7,10,13,,MURASAKi
私の中の幻想的世界観及びその顕現を想起させたある現実での出来事に関する一考察,小仏 凪(CV:佐倉 薫),CHUNITHM,6dbd33c084c790e2.png,5,6,8+,12+,,MURASAKi
猛進ソリストライフ！,月鈴 那知(CV:今村 彩夏),CHUNITHM,67d27c21708cd402.png,6,8+,11,13,,MURASAKi PLUS
My Dearest Song,月鈴 白奈(CV:高野 麻里佳),CHUNITHM,a5661a71bd73d723.png,4,7,10+,12+,,MURASAKi PLUS
SPICY SWINGY STYLE,明坂 芹菜(CV:新田 恵海),CHUNITHM,951119807b389163.png,5,7+,10+,13,,MiLK
Bang Babang Bang!!!,御形 アリシアナ(CV:福原 綾香),CHUNITHM,6c4cab82f1f939e3.png,5,7+,10,12+,,MiLK
Tic Tac DREAMIN’,天王洲 なずな(CV:山本 彩乃),CHUNITHM,d56c49d39bfaa08e.png,4,6,8,11,,MiLK
猫祭り,箱部 なる(CV:M・A・O),CHUNITHM,0ae6e1de73fd6d84.png,4,7+,10+,12+,,MiLK
TRUST,小仏 凪(CV:佐倉 薫),CHUNITHM,29d12992cfd1d731.png,5,7,10,12,,MiLK
奏者はただ背中と提琴で語るのみ,月鈴那知(CV:今村彩夏),CHUNITHM,7fcddaf80f12d906.png,6,8,11,13+,,FiNALE
イロトリドリのメロディ,小仏凪(CV:佐倉薫),CHUNITHM,ca4960dbd930da85.png,4,6,9+,11+,,FiNALE
-OutsideR:RequieM-,箱部なる(CV:M・A・O),CHUNITHM,05475986b3286e9f.png,4,7,10,13,,FiNALE
あねぺったん,月鈴姉妹（イロドリミドリ）,CHUNITHM,0d229b5aca55a1f1.png,5,7,9+,12+,,MiLK PLUS
なるとなぎのパーフェクトロックンロール教室,イロドリミドリ「CHUNITHM」,CHUNITHM,c5eadcbeeb116b70.png,5,7,10,13,,MiLK PLUS
"Help me, あーりん！",イロドリミドリ「CHUNITHM」,CHUNITHM,c39780f8e0269d3b.png,4,7,9+,11+,,MiLK PLUS
Infantoon Fantasy,t+pazolite,CHUNITHM,9bcb0c4d4dc8657b.png,5,7+,9+,13,,PiNK PLUS
幾四音-Ixion-,M.S.S Project,CHUNITHM,29c274b873d3b212.png,5,7+,9+,13,,PiNK
Invitation,れるりり feat.ろん,CHUNITHM,56a0ece26eb25daa.png,4,6,8+,12,,PiNK PLUS
その群青が愛しかったようだった,n-buna feat.ヤギヌマカナ,CHUNITHM,ff32415983cc3c98.png,5,7,10,12,,MURASAKi
The wheel to the right,Sampling Masters MEGA,CHUNITHM,9f01a2ef6b665b53.png,6,8,12+,13+,,MURASAKi
光線チューニング,ナユタン星人,CHUNITHM,2bb91ea78a0f5f9c.png,5,7,10+,13,,MURASAKi PLUS
心象蜃気楼,Orangestar,CHUNITHM,ccc9404a0c153536.png,5,7,10,12+,,MURASAKi PLUS
エンドマークに希望と涙を添えて,cosMo＠暴走P,CHUNITHM,944deaf220b28eb0.png,6,8+,11+,14,,MiLK
World Vanquisher,void (Mournfinale),CHUNITHM,efeba3263a928f3f.png,6,8+,12,14,,MiLK PLUS
Xevel,Tatsh,CHUNITHM,a1a92cb034053e70.png,6,8,12,14,,MiLK PLUS
We Gonna Journey,Queen P.A.L.,CHUNITHM,ae20f2fc90eb1da4.png,6,8,11+,13+,,MiLK PLUS
My First Phone,cubesato,CHUNITHM,1c9958b5ebafff62.png,5,7+,11,13+,,MiLK PLUS
怒槌,光吉猛修,CHUNITHM,cd9b3af41756ab53.png,6,8+,12,14+,,MiLK PLUS
TiamaT:F minor,Team Grimoire,CHUNITHM,272a82ac2151f9a2.png,6,9,12,14,,FiNALE
Kattobi KEIKYU Rider,Sampling Masters MEGA,CHUNITHM,4cf3cfda8bbdf523.png,5,8,12+,13,,FiNALE
玩具狂奏曲 -終焉-,きくお,CHUNITHM,d8edddab9b63782a.png,6,8,13,13+,,maimaiDX
BOKUTO,じーざすP feat.kradness,CHUNITHM,8be390a8118639f5.png,4,7,11,13,,maimaiDX
立川浄穢捕物帳,青島探偵事務所器楽捜査部B担,CHUNITHM,d8ed15b9651c107c.png,4,7+,11,13+,,maimaiDX
魔理沙は大変なものを盗んでいきました,ARM＋夕野ヨシミ(IOSYS)feat. 藤咲かりん,東方Project,d542e0accb085302.png,4,6,8,12+,,GreeN
おこちゃま戦争,ギガ/れをる,niconico＆VOCALOID™,e8f0c0f81f6a4e8a.png,4,6,9+,12+,,ORANGE
前前前世,RADWIMPS,Popular & Anime,d5d50489dcbcfd1f.png,4,6,9,12+,,MURASAKi PLUS
拝啓ドッペルゲンガー,kemu,niconico＆VOCALOID™,0298532f0508465a.png,5,7+,11,13,,MiLK
だから僕は音楽を辞めた,ヨルシカ,Popular & Anime,7f05ec00857e0440.png,3,6,8+,12,,maimaiDX 2021
ハム太郎とっとこうた,ハムちゃんず [covered by 光吉猛修],Popular & Anime,1b3fd58d6ebade7c.png,1,5,8,11+,12+,maimaiDX 2021
すーぱーぬこになれんかった,まふまふ,niconico＆VOCALOID™,c16bd3250dcfc965.png,4,7,10,13,,maimaiDX 2021
Catch the Wave,livetune,niconico＆VOCALOID™,c0ee4895feacba46.png,3,6,9+,12,,maimaiDX 2021
アスヘノBRAVE,M.S.S Project,niconico＆VOCALOID™,6e2e4e3b67513e89.png,3,6,9+,12,,maimaiDX 2021
深海シティアンダーグラウンド,田中Ｂ,niconico＆VOCALOID™,5cb9cdf0b07e1366.png,4,6,10,12+,,maimaiDX 2021
表裏一体,すりぃ,niconico＆VOCALOID™,71c12dd507e2374e.png,4,6,9+,12+,,maimaiDX 2021
Drive Your Fire,A-One,東方Project,368560be7e7e0a2b.png,4,6,9+,12+,,maimaiDX 2021
Oath Act,暁Records,東方Project,e15c6bedf799b014.png,3,6,9+,12,,maimaiDX 2021
全力ハッピーライフ,森羅万象,東方Project,725959f88eaa2fe5.png,5,7,10,12+,,maimaiDX 2021
wheel,Syrufit + HDLV,東方Project,fe085689bd924d74.png,4,6,9,12+,,maimaiDX 2021
Witches night,Liz Triangle,東方Project,7582837c14343f0a.png,4,6,9,12,,maimaiDX 2021
ワードワードワード,syudou,maimai,88fd634bc9103eca.png,4,6,9+,13,,maimaiDX 2021
Stardust Memories,Maozon,maimai,869b30cfdcb643f7.png,3,7+,10+,12+,,maimaiDX 2021
Flashkick,Yooh,maimai,d84cebbe82687a4b.png,5,7+,11,13,,maimaiDX 2021
STEEL TRANSONIC,BlackY vs. WAiKURO,maimai,fac8d66129926589.png,6,8+,11+,14,,maimaiDX 2021
My My My,C-Show,maimai,ef49d54bf76426a4.png,5,7+,11,13,,maimaiDX 2021
ウマイネームイズうまみちゃん,UMAINA,Popular & Anime,355595c991550e39.png,1,6,8+,12,,maimaiDX 2021
クレイジー・ビート,さつき が てんこもり,niconico＆VOCALOID™,db2bcb56952703da.png,4,6,9+,12+,,maimaiDX 2021
グラーヴェ,niki,niconico＆VOCALOID™,bb37d9710622d40f.png,4,7,9+,12+,,maimaiDX 2021
バイオレンストリガー,八王子P,niconico＆VOCALOID™,35a1e407f85b4d89.png,5,7+,10,13,,maimaiDX 2021
KILLER B,梅とら,niconico＆VOCALOID™,bca0ad64e12b1b2f.png,4,6,10,12+,,maimaiDX 2021
ブレインジャックシンドローム,かいりきベア feat.利香,maimai,272d10fdd20ebf8d.png,4,7+,10+,13,,maimaiDX 2021
シエルブルーマルシェ,OSTER project feat. かなたん,maimai,9fb752248141c1d7.png,3,7,10,12+,,maimaiDX 2021
Ututu,中山真斗,maimai,5c7da68424b91ee0.png,4,7,10,12+,,maimaiDX 2021
共鳴,SADA 2Futureanthem feat. ellie,maimai,f03b05b1fc782ceb.png,3,7,10,13,,maimaiDX 2021
アトロポスと最果の探究者,しーけー,Other Games,a6b014388c529531.png,5,7,10+,13,,maimaiDX 2021
energy trixxx,KAH,Other Games,bce82906edfa120c.png,5,7,11,13+,,maimaiDX 2021
NULCTRL,Silentroom,Other Games,b7837b1d26eb3a42.png,4,7+,12,13+,,maimaiDX 2021
渦状銀河のシンフォニエッタ,山本真央樹,maimai,a9be993d5f552289.png,4,8,11+,14,,maimaiDX 2021
GRÄNDIR,Rigel Theatre feat. ミーウェル,maimai,2a26b38fcd378676.png,4,7+,11,13+,,maimaiDX 2021
封焔の135秒,大国奏音,maimai,2985e6ee69db26de.png,5,8+,12+,14+,,maimaiDX 2021
最強 the サマータイム!!!!!,曲：村カワ基成／歌：オンゲキシューターズ,CHUNITHM,ab91abb8f5f716be.png,4,7,9+,12,,maimaiDX 2021
UTAKATA,曲：ゆよゆっぺ／歌：九條 楓(CV：佳村 はるか),CHUNITHM,f3768d0e7994daa5.png,4,7,9,12,,maimaiDX 2021
タテマエと本心の大乱闘,曲：鯨井国家／歌：藍原 椿(CV：橋本 ちなみ),CHUNITHM,75ed99d686a556b0.png,5,7+,10,12,,maimaiDX 2021
CHOCOLATE BOMB!!!!,YUC'e,CHUNITHM,9e15d61bf69877e4.png,5,8,11+,13,,maimaiDX 2021
はちみつアドベンチャー,Yunomi feat.nicamoq,CHUNITHM,044f1d6c5c170d86.png,4,7,10,12+,,maimaiDX 2021
popcorn,happy machine,CHUNITHM,ed998c68adada909.png,4,7,9,12+,,maimaiDX 2021
命に嫌われている,カンザキイオリ,niconico＆VOCALOID™,8dfce10e2d015493.png,4,7,10,12+,,maimaiDX 2021
乙女解剖,DECO*27,niconico＆VOCALOID™,cb3762ad24071bdc.png,3,6,8+,12,,maimaiDX 2021
アンクローズ・ヒューマン,作曲：カジャ　作詞：傘村トータ　編曲：ねじ式　調声：シリア,niconico＆VOCALOID™,0641b4abd73b15ea.png,4,7,9+,13,,maimaiDX 2021
悪戯センセーション,森羅万象,東方Project,5c5ae698a3ca6825.png,4,7+,9+,12+,,maimaiDX 2021
Paranoia,DiGiTAL WiNG feat. 花たん,東方Project,2bb6a69fa0e66cc6.png,4,7,9,12+,,maimaiDX 2021
felys -final remix-,onoken,Other Games,372b2bdce425ac62.png,3,7+,10+,14,,maimaiDX 2021
ぼくたちいつでも　しゅわっしゅわ！,ヒゲドライバー feat.らいむっくま(CV:村川梨衣) ＆ れもんっくま(CV:MoeMi),maimai,c8bed480e22142c9.png,4,7,11,12+,,maimaiDX 2021
Jörqer,owl＊tree feat.yu＊tree,maimai,6371b8c7d2c59e7f.png,4,7,11+,13,,maimaiDX 2021
"Sqlupp (Camellia's ""Sqleipd*Hiytex"" Remix)",owl＊tree Remixed by Camellia,maimai,fcb1d9c95bb8205d.png,5,8,12,14,,maimaiDX 2021
Boys O’Clock,technoplanet,maimai,747c68a6bf27de45.png,5,7+,10+,13,,maimaiDX 2021
居並ぶ穀物と溜息まじりの運送屋,hanzo,maimai,c02537aab0c8a6a2.png,4,7+,11+,12+,,maimaiDX 2021
ARAIS,千本松 仁,maimai,63687937bbd3b9f4.png,5,8+,12,14,,maimaiDX 2021
宛城、炎上！！,Cranky feat.おもしろ三国志,CHUNITHM,034cbece579217c7.png,5,8+,12,14,,maimaiDX 2021
ベノム,かいりきベア feat.flower,niconico＆VOCALOID™,1e33fe6ab1df56ea.png,3,6,9,12,,maimaiDX 2021
絶対にチョコミントを食べるアオイチャン,GYARI,niconico＆VOCALOID™,f78fe124599ff669.png,3,6,9+,12+,,maimaiDX 2021
絶え間なく藍色,獅子志司,niconico＆VOCALOID™,9fcfc39056f4c51e.png,3,6,8,13,,maimaiDX 2021
とりあえずアナタがいなくなるまえに,作詞作曲：椎名もた　編曲：KTG　映像：Yuma Saito,niconico＆VOCALOID™,cf54bee98fb8ac42.png,3,6,8+,11+,,maimaiDX 2021
Beautiful Future,PSYQUI,maimai,f116991206292434.png,4,8,10+,13+,,maimaiDX 2021
Mutation,Laur,maimai,927305ac2ee395bf.png,5,8,12,14,,maimaiDX 2021
Aetheric Energy,aran,maimai,b2491c88e30e7d0b.png,5,7+,11,13,,maimaiDX 2021
Komplexe,雄之助 feat. Sennzai,maimai,6fb57dd3a171eab3.png,3,7+,11,13+,,maimaiDX 2021
レーイレーイ,かいりきベア feat.松下,CHUNITHM,3208b3758def086b.png,4,7+,10,12+,,maimaiDX 2021
デリヘル呼んだら君が来た,ナナホシ管弦楽団,niconico＆VOCALOID™,1a9429cd0ca4fce7.png,4,7,10,13,,maimaiDX 2021
明星ギャラクティカ,ナユタン星人,niconico＆VOCALOID™,1bbf2481ac18715d.png,4,6,8+,12,,maimaiDX 2021
ガランド,ピコン,niconico＆VOCALOID™,3ab9462a8ad2e844.png,2,7,9+,12+,,maimaiDX 2021
"≠彡""/了→",水野健治,maimai,7bd3115b580213e3.png,6,9,12+,14,,maimaiDX 2021
マネマネサイコトロピック,かいりきベア feat.GUMI,niconico＆VOCALOID™,c486e3fd9c4cf390.png,4,7,10+,13,,maimaiDX 2021
Virtual to LIVE,にじさんじ,Popular & Anime,7c707b8a9823379b.png,3,6,8+,11,12+,maimaiDX 2021
アスノヨゾラ哨戒班,Orangestar feat.IA,niconico＆VOCALOID™,bbff0825f1647719.png,4,7,9,12+,,maimaiDX 2021
カラッポ・ノンフィクション,Ino(chronoize) feat. 柳瀬マサキ,Other Games,b8a67789729b6e80.png,4,7,10,13,,maimaiDX 2021
c.s.q.n.,Aoi,Other Games,59b04cbccd088b7f.png,5,7+,11,13+,,maimaiDX 2021
emomomo,Ras,Other Games,e949f0cfb56f9ea8.png,4,7,10+,13+,,maimaiDX 2021
YURUSHITE,t+pazolite,CHUNITHM,7e709a028bc1c5c3.png,5,8+,12,14,,maimaiDX 2021
シアトリカル・ケース,ユリイ・カノン feat.ウォルピスカーター&まひる,maimai,63a6907f7c15e040.png,4,7+,10+,12+,,maimaiDX 2021
REAL VOICE,達見 恵 featured by 佐野 宏晃,maimai,ac02343dc7001ef1.png,4,7+,10,12+,,maimaiDX 2021
オリフィス,40mP feat. シャノ,maimai,32f13971dcdc12f7.png,4,7+,10,13,,maimaiDX 2021
ユメヒバナ,RD-Sounds feat.中恵光城,maimai,61a459ab9bce91e2.png,5,7,10,13,,maimaiDX 2021
パラボラ,*Luna feat.NORISTRY,maimai,73a07468c38c298c.png,5,8,11,13+,,maimaiDX 2021
Climax,USAO,CHUNITHM,c8af8a03388a9a19.png,5,8,12,14,,maimaiDX 2021
二息歩行,DECO*27,niconico＆VOCALOID™,c1de7b4bbf76fcd8.png,4,6,9,12+,,GreeN PLUS
Counselor,DECO*27 feat.echo,CHUNITHM,21a91e5c9a5da58a.png,4,7,9+,11+,,PiNK
閃鋼のブリューナク,sasakure.UK,CHUNITHM,a53a18178b2d9ea7.png,6,8,10+,13+,,PiNK
頓珍漢の宴,ピノキオピー,niconico＆VOCALOID™,a6c3b1d13b0731e7.png,5,7+,10,13+,,PiNK
ヒバナ,DECO*27,niconico＆VOCALOID™,6e8acabbb209b93e.png,4,7,10,11,12+,FiNALE
物凄いヴァイブスで魔理沙が物凄いラップ,魂音泉,東方Project,33a4ed61c2911c40.png,4,7,9+,13,,maimaiDX 2021
Sweet Requiem,REDALiCE & aran,東方Project,c61229d0709d989a.png,4,7+,10+,13+,,maimaiDX 2021
Dive into The Sky ～initialized～,A-One,東方Project,d1bb2b0bded8330e.png,4,6,9,12+,,maimaiDX 2021
絡繰りドール,SOUND HOLIC feat. Nana Takahashi,東方Project,00941cd102eac6ab.png,4,6,9,12+,,maimaiDX 2021
Prismatic,CielArc,東方Project,db4aaf0900fc7f88.png,3,7,9,12,,maimaiDX 2021
Grievous Lady,Team Grimoire vs Laur,Other Games,6d9c69398720e097.png,5,8,12,14,,maimaiDX 2021
BREaK! BREaK! BREaK!,HiTECH NINJA vs Cranky,maimai,91737a421106e7ca.png,6,8,12+,14+,,maimaiDX 2021
Regulus,お月さま交響曲,maimai,f340a4081d9c66d7.png,6,8,12,14+,,maimaiDX 2021
ポケットからぬりつぶせ！,曲：中山真斗／歌：マーチングポケッツ [日向 千夏(CV：岡咲 美保)、柏木 美亜(CV：和氣 あず未)、東雲 つむぎ(CV：和泉 風花)],CHUNITHM,adff3375e43eafbd.png,3,6,10,12+,,maimaiDX 2021
Ether Strike,Akira Complex,Other Games,e4d70ce31ee28a9c.png,4,7+,10+,13+,,maimaiDX 2021
Cyaegha,USAO,Other Games,fdeb6b92b9339d2a.png,5,7+,11,13,,maimaiDX 2021
ワンダーシャッフェンの法則,アリスシャッハと魔法の楽団,maimai,7795406e0a4be488.png,5,7+,10+,14,,maimaiDX 2021
トリドリ⇒モリモリ！Lovely fruits☆,曲：やしきん／歌：柏木 美亜(CV：和氣 あず未),CHUNITHM,aa826be0d2a02ff8.png,5,7+,10+,13,,maimaiDX 2021
Desperado Waltz,ぺのれり,CHUNITHM,9cf73e43ce65b3a9.png,5,8,11+,14,,maimaiDX 2021
BIRTH,llliiillliiilll,maimai,6957b90486e1318e.png,5,7+,12+,14,,maimaiDX 2021
雨とペトラ,バルーン,niconico＆VOCALOID™,5c564c459e85f320.png,4,7,9,12,,maimaiDX 2022
ネガティブ進化論,DECO*27,niconico＆VOCALOID™,4a10309bcd38e74e.png,3,6,8+,12,,maimaiDX 2022
永遠にゲームで対戦したいキリタン,GYARI,niconico＆VOCALOID™,4f00257853319e40.png,4,6,9,12+,,maimaiDX 2022
ロストワードクロニカル,東方LostWord feat.いとうかなこ,東方Project,25be29e63231589b.png,4,7,10,13,,maimaiDX 2022
Re：End of a Dream,uma vs. モリモリあつし,Other Games,61b60aecd7fda2a2.png,5,8,12,14,,maimaiDX 2022
もぺもぺ,LeaF & Optie,Other Games,17f033608e0332dd.png,4,8,12,13+,,maimaiDX 2022
Sound Chimera,Laur,Other Games,4a94d616d8b064bc.png,5,8,12,13+,,maimaiDX 2022
時計の国のジェミニ,黒魔,maimai,68824ef167581ccf.png,5,7+,10,13,,maimaiDX 2022
Xenovcipher,Juggernaut.,maimai,9a806edb5b8a642e.png,6,8,12,14,,maimaiDX 2022
ハジマリノピアノ,ゆゆうた,CHUNITHM,d8582cffde7aaa51.png,5,7+,10+,13+,,maimaiDX 2022
タケモトピアノCMソング,タケモトピアノCM,Popular & Anime,838762a592006575.png,3,7,9,12+,,maimaiDX 2022
今、誰が為のかがり火へ,幽閉サテライト,東方Project,3a3232dcc8cfbbf2.png,3,6,8+,12,,maimaiDX 2022
VANTABLACK RAVER,DIVELA feat.桐谷こむぎ,maimai,079a34779ccd60d3.png,5,7+,11,13+,,maimaiDX 2022
Heavenly Blast,xi,maimai,b93bb5411292f1d8.png,6,9,12+,14+,,maimaiDX 2022
KING,Kanaria,niconico＆VOCALOID™,bee11abab3bb3101.png,3,6,9,12+,,maimaiDX 2022
Paradisoda,魂音泉,maimai,b714febbedc27687.png,3,7,10+,13,,maimaiDX 2022
幽霊東京,Ayase,niconico＆VOCALOID™,73db56b2cbfd49c6.png,1,6,8+,12,,maimaiDX 2022
CO5M1C R4ILR0AD,kanone,Other Games,0ea80d8bbb1fba2f.png,5,8,11+,14,,maimaiDX 2022
Rush-More,litmus*,Other Games,f3980fde794cbf40.png,4,7+,10+,13,,maimaiDX 2022
届かない花束,ELECTROCUTICA,maimai,9d2e5faf33ea3aa9.png,4,7,9+,13,,maimaiDX 2022
ステップアンドライム,YASUHIRO(康寛),maimai,ba15f7b947317461.png,4,7,10,12+,,maimaiDX 2022
星めぐり、果ての君へ。,TAKU1175 ft.駄々子,maimai,c110c819a6c43a54.png,4,7+,10+,12+,,maimaiDX 2022
スローアライズ,Endorfin.,maimai,565d4805b8b8848e.png,4,7,10+,12+,,maimaiDX 2022
生命不詳,蜂屋ななし,maimai,194a9262c9480e48.png,5,8,11+,13,,maimaiDX 2022
チエルカ／エソテリカ,ツミキ × 宮下遊,maimai,9475222592a29f06.png,5,8+,12,14,,maimaiDX 2022
オーケー？　オーライ！,五十嵐 撫子(CV:花井 美春),CHUNITHM,854c238aee12a027.png,4,7,9,12+,,maimaiDX 2022
サヨナラフリーウェイ,萩原 七々瀬(CV:東城 日沙子),CHUNITHM,f6bf56f478f8ddcf.png,4,7+,9+,12+,,maimaiDX 2022
単一指向性オーバーブルーム,葛城 華(CV:丸岡 和佳奈),CHUNITHM,538753c5c57b3e9e.png,3,7,10,13,13+,maimaiDX 2022
みなえをチェック！,小野 美苗(CV:伊藤 美来),CHUNITHM,6a189a90cc4d00dd.png,3,7+,10,13,,maimaiDX 2022
MAKE IT FUNKY NOW,DOT96,Other Games,abe8d795b816168a.png,5,7+,11,13+,,maimaiDX 2022
Alice in 冷凍庫,Orangestar,niconico＆VOCALOID™,69466546da86df9f.png,3,6,9+,12+,,maimaiDX 2022
トランスダンスアナーキー,暁Records,東方Project,5b6325556f04bfc2.png,4,7+,10+,13,,maimaiDX 2022
ベースラインやってる？笑,かめりあ feat. ななひら,Other Games,e60c76f93e816688.png,4,7+,11,13,,maimaiDX 2022
ヒミツCULT,t+pazolite,Other Games,6f420cccbe95810a.png,4,8,11,13+,,maimaiDX 2022
Big Daddy,USAO,Other Games,74fa058f35dd3ba4.png,5,8+,12,13+,,maimaiDX 2022
Starry Colors,BlackY feat. Risa Yuzuki,maimai,f38fc9d91ef0b72c.png,4,7+,11,14,,maimaiDX 2022
ハウリング,Liz Triangle,東方Project,b7a0795183f71fca.png,3,7,9+,12+,,maimaiDX 2022
キラメキ居残り大戦争,森羅万象,Other Games,0017d1b140e0da0a.png,5,7,10+,13,,maimaiDX 2022
Strange Bar,Laur,Other Games,d03a7cad6d682345.png,3,7+,10+,13+,,maimaiDX 2022
VIIIbit Explorer,Lime,maimai,511f76bc9e72ec56.png,5,8,13,14+,,maimaiDX 2023
Melody！,あ～るの～と（いえろ～ぜぶら）,東方Project,68d946095fefa800.png,3,6,9+,12,,maimaiDX 2022
ALiVE,REDALiCE,Other Games,aef1c386f0707061.png,4,7+,10+,13,,maimaiDX 2022
MEGATON KICK,DJ Myosuke,Other Games,55da4517b646b23b.png,5,8+,11+,14,,maimaiDX 2022
LOSE CONTROL,Massive New Krew,Other Games,641087ee1df624de.png,4,7+,12,13,,maimaiDX 2022
下克上々,豚乙女,東方Project,0e2be24b3882ea4a.png,3,6,10,13,,maimaiDX 2022
Never Give Up!,nanobii,maimai,fd5895f21f0da045.png,4,7+,10+,13+,,maimaiDX 2022
ほしぞらスペクタクル,奏音,maimai,3b610dccb2b32467.png,5,8,12,14,,maimaiDX 2022
再会,はるまきごはん,niconico＆VOCALOID™,7f88bdf21553f929.png,2,6,8+,12,,maimaiDX 2022
約束,はるまきごはん,niconico＆VOCALOID™,9399ecd9176a93e7.png,2,6,8,12,,maimaiDX 2022
猫猫的宇宙論,ナユタン星人,niconico＆VOCALOID™,e9f43274d5a1ed36.png,4,6,9,12+,,maimaiDX 2022
アルティメットセンパイ,ピノキオピー,niconico＆VOCALOID™,77a97e85ae4f2b53.png,4,6,9,13,,maimaiDX 2022
トラフィック・ジャム,煮ル果実,niconico＆VOCALOID™,f295e2f2410559df.png,3,6,9+,12+,,maimaiDX 2022
蒼穹舞楽,Capchii,maimai,7cc92964b5148cca.png,5,8,12+,14,,maimaiDX 2022
Kiss Me Kiss,曲：大畑拓也／歌：bitter flavor [桜井 春菜(CV：近藤 玲奈)、早乙女 彩華(CV：中島 唯)],CHUNITHM,d54f6840c982c52e.png,3,6,9+,12+,,maimaiDX 2022
BOUNCE & DANCE,IOSYS TRAX,CHUNITHM,5978cd4680adbdf1.png,4,7+,10,13+,,maimaiDX 2022
MEGATON BLAST,BlackY vs. Yooh,CHUNITHM,5e9ecbc940b79708.png,5,9,12+,14,,maimaiDX 2022
ラットが死んだnew words,P.I.N.A.,niconico＆VOCALOID™,cbf338a693653133.png,3,7,9+,12+,,maimaiDX 2022
阿吽のビーツ,羽生まゐご,niconico＆VOCALOID™,1490116ec0420770.png,2,6,10,12+,,maimaiDX 2022
Last Samurai,Street,maimai,b7884713b914d359.png,5,8,12,13+,,maimaiDX 2022
Splash Dance!!,曲：Q-MHz／歌：オンゲキシューターズ,CHUNITHM,8b18c71ee9262272.png,4,7,10,13,,maimaiDX 2022
AMABIE,OSTER project,maimai,761e10bd436f83cf.png,6,8+,12,14,,maimaiDX 2022
うっせぇわ,Ado,Popular & Anime,f35da896a6e4e282.png,3,7,9+,11+,13,maimaiDX 2022
夜に駆ける,YOASOBI,Popular & Anime,90f53fb84daa1aa4.png,2,6,8,11,12+,maimaiDX 2022
Southern Cross,403,Other Games,d5fed143ad62103d.png,4,7,10+,13,13+,maimaiDX 2022
アンビバレンス,すりぃ×相沢,maimai,e63c3acfdf00c605.png,4,7,10+,13,,maimaiDX 2022
噛み係,さつき が てんこもり feat.96猫,maimai,c3abc1a6434b4ebe.png,4,7+,10+,13,,maimaiDX 2022
NAGAREBOSHI☆ROCKET,梅干茶漬け,maimai,db0eec06b051299f.png,6,8,12,14,,maimaiDX 2022
廻廻奇譚,Eve TVアニメ「呪術廻戦」第1クールオープニングテーマ,Popular & Anime,1407ac902ae55b0d.png,4,7,9+,11+,13,maimaiDX 2022
グッバイ宣言,Chinozo,niconico＆VOCALOID™,b44613f0defc39bd.png,3,7,9+,12,,maimaiDX 2022
テレキャスタービーボーイ,すりぃ,niconico＆VOCALOID™,8ec5044872bc5c23.png,3,7,9+,11+,12+,maimaiDX 2022
僕は空気が嫁ない,cosMo＠暴走P,niconico＆VOCALOID™,249cc28f8f59539a.png,3,7,10,13,,maimaiDX 2022
デッドマンズバラッド,cosMo＠暴走P,niconico＆VOCALOID™,fc8413fd2a11ca68.png,5,8,12,14,,maimaiDX 2022
竹,立秋 feat.ちょこ,Other Games,03897fe7481825cc.png,5,8+,11+,13+,,maimaiDX 2022
スーパーシンメトリー,Sta feat. b,Other Games,ea8ef2281969118e.png,5,8,12,13+,,maimaiDX 2022
とびだせ！TO THE COSMIC!!,t+pazolite feat. しゃま(CV:種﨑 敦美) & みるく(CV:伊藤 あすか),maimai,a8dfce2488046508.png,5,8,12,13,,maimaiDX 2022
脳天直撃,黒沢ダイスケ VS 穴山大輔,CHUNITHM,1a7893a226f7befc.png,6,8+,12+,14,,maimaiDX 2022
Shooting Stars,クレシェンドブルー [最上静香 (CV.田所あずさ)、北上麗花 (CV.平山笑美)、北沢志保 (CV.雨宮 天)、野々原 茜 (CV.小笠原早紀)、箱崎星梨花 (CV.麻倉もも)],Popular & Anime,56bf1cdcbbf097c9.png,2,6,8,12,,maimaiDX 2022
MOON NIGHTのせいにして,"DRAMATIC STARS [天道 輝 (CV.仲村宗悟), 桜庭 薫 (CV.内田雄馬), 柏木 翼 (CV.八代 拓)]",Popular & Anime,7e55f7f0b1415ea0.png,2,6,8,12,,maimaiDX 2022
さんさーら！,ARuFa,Other Games,95366a9a2c5583ed.png,3,6,8+,12+,,maimaiDX 2022
トリアージ,niki feat.noire,maimai,9466cf52a10671cf.png,4,7+,10,13,,maimaiDX 2022
宿星審判,suzu,CHUNITHM,c052a8d637901cf3.png,5,8,12,14,,maimaiDX 2022
Lia=Fail,Team Grimoire,maimai,0c326d43294255a7.png,6,9,12+,14+,,maimaiDX 2022
ドラゴンエネルギー,オーイシマサヨシ×加藤純一,Popular & Anime,5c8b21cfcbbd7be7.png,3,6,9+,12,,maimaiDX 2022
veil,須田景凪,Popular & Anime,7db1b97fc6379723.png,3,6,8+,12,,maimaiDX 2022
ポッピンキャンディ☆フィーバー！,キノシタ,niconico＆VOCALOID™,930e189b37d9d832.png,3,7+,10,12+,,maimaiDX 2022
どぅーまいべすと！,キノシタ,niconico＆VOCALOID™,2e6f3f0c952aabe6.png,3,6,9+,12,,maimaiDX 2022
紅星ミゼラブル～廃憶編,東京アクティブNEETs,東方Project,d734d64f787a6dbf.png,3,6,10,13,,maimaiDX 2022
Upshift,s-don as Iriss-Frantzz,Other Games,eb74d1c6089d56de.png,4,8,11,13+,,maimaiDX 2022
MOBILYS,Dachs,Other Games,24d0c3dd5ed1fda4.png,4,7+,10,13,,maimaiDX 2022
星詠みとデスペラード,しょご/野村渉悟,maimai,f01745a29d2ef5bd.png,5,7+,11+,13+,,maimaiDX 2022
BLACK SWAN,ぺのれり,maimai,58d3f2aeccf6a09d.png,6,8,12+,14,,maimaiDX 2022
U&iVERSE -銀河鸞翔-,Kai VS 大国奏音 VS 水野健治,maimai,6cc01bbad2650c50.png,5,9,12,14,,maimaiDX 2022
泥の分際で私だけの大切を奪おうだなんて,ツユ,Popular & Anime,64a870cc6cb3ebc5.png,3,7+,10+,13,,maimaiDX 2022
幻想に咲いた花,岸田教団&THE明星ロケッツ×草野華余子「東方ダンマクカグラ」,東方Project,d1b96aabc40101f8.png,4,7,9+,12+,,maimaiDX 2022
マツヨイナイトバグ,COOL&CREATE feat.ビートまりおとまろん「東方ダンマクカグラ」,東方Project,e20fd62b4e0dfe16.png,5,7+,10+,13+,,maimaiDX 2022
Sweets Time,SYNC.ART'S feat. 3L,東方Project,1ca97ae8aa37eb6b.png,3,6,10,13,,maimaiDX 2022
華の集落、秋のお届け,Umiai,maimai,b95d6cec3fbbb04c.png,4,7+,11+,13+,,maimaiDX 2022
GIGANTØMAKHIA,BlackYooh vs. siromaru,maimai,fed702195b5af0e7.png,6,8,13,14+,,maimaiDX 2022
インドア系ならトラックメイカー,Yunomi & nicamoq,Popular & Anime,57c8a97552b29815.png,2,7+,10,13,,maimaiDX 2022
失敗作少女,かいりきベア・MARETU feat.初音ミク,niconico＆VOCALOID™,2dfb80213925c43b.png,3,7,10,12+,,maimaiDX 2022
ノイローゼ,蜂屋ななし,niconico＆VOCALOID™,2d453be3e5be3283.png,3,7+,10,12+,,maimaiDX 2022
悪魔の踊り方,キタニタツヤ,niconico＆VOCALOID™,e1241f4838eb628f.png,2,6,9+,13,,maimaiDX 2022
響け！CHIREI MY WAY!,森羅万象,東方Project,f9e0d340bb1dd099.png,3,7,9,12+,,maimaiDX 2022
神々が恋した幻想郷,Unlucky Morpheus,東方Project,1060b41523ca6346.png,3,7,10+,13,,maimaiDX 2022
ヒステリックナイトガール,PSYQUI,Other Games,b48907e41b1a0e45.png,4,7,9+,12+,,maimaiDX 2022
Round Round Spinning Around,Nhato,maimai,6a7e5bd00eb678b3.png,4,8,10,13+,,maimaiDX 2022
Raven Emperor,Kobaryo,maimai,000e4e52cbf4d11f.png,5,8,12,14,,maimaiDX 2022
LiftOff,MAYA AKAI,CHUNITHM,75f148963308b860.png,4,8,11+,13+,,maimaiDX 2022
Alcyone,PRASTIK DANCEFLOOR,maimai,071768635e02a075.png,5,7+,12,14,,maimaiDX 2022
No Limit RED Force,曲：本多友紀（Arte Refact）／歌：オンゲキシューターズ,CHUNITHM,d0f6b039af8831d3.png,3,7,9+,12+,,maimaiDX 2022
Falsum Atlantis.,kanone,CHUNITHM,403667b44ac1d17e.png,5,8,12,14,,maimaiDX 2022
ぱくぱく☆がーる,曲：齋藤大／歌：珠洲島 有栖(CV：長縄 まりあ),CHUNITHM,07f841698cba7fa8.png,5,7,10,13,,maimaiDX 2022
Yorugao,An & Ryunosuke Kudo,maimai,ffa8c12106a9ee96.png,5,8,12,14,,maimaiDX 2022
春嵐,john,niconico＆VOCALOID™,59ae73d58c1962d3.png,3,6,10,13+,,maimaiDX 2022
アカツキアライヴァル,Last Note.,niconico＆VOCALOID™,f27eaa7f0425f9c8.png,2,6,10,13,,maimaiDX 2022
リモコン,じーざす（ワンダフル☆オポチュニティ！）,niconico＆VOCALOID™,1eb8f36d4551b74b.png,3,6,9,13,,maimaiDX 2022
前衛的Landscape,HiTECH NINJA feat. RANASOL,maimai,ff81865c331e96f7.png,5,8,11,13+,,maimaiDX 2022
躯樹の墓守,隣の庭は青い(庭師+Aoi),maimai,55a2c29fef3811ad.png,6,9+,12+,14+,,maimaiDX 2022
ヨミビトシラズ,Limonène (サノカモメ+月島春果),maimai,36b1fd60ab5bf872.png,5,7+,12,13+,,maimaiDX 2022
Limits,舞ヶ原シンセ研究会,CHUNITHM,966be589591a4a6c.png,3,6,10,13+,,maimaiDX 2022
ラグトレイン,稲葉曇,niconico＆VOCALOID™,3d04a3710463921e.png,2,6,9+,12+,,maimaiDX 2022
on the rocks,OSTER project,niconico＆VOCALOID™,6c0927e5febfcafd.png,1,6,8+,12+,,maimaiDX 2022
Trick tear,しーけー,maimai,5e69a551a2fa34d9.png,5,8+,12,14,,maimaiDX 2022
スピカの天秤,Acotto,CHUNITHM,b81925a4285c4ce1.png,5,8+,12+,14,,maimaiDX 2022
ハードコア・シンドローム,t+pazolite (HARDCORE TANO*C) feat.TANO*C ALL STARS,CHUNITHM,d032c4be975fda12.png,5,8,12+,13+,,maimaiDX 2022
We Are Us,舞ヶ原シンセ研究会,CHUNITHM,d99038ea8737e638.png,3,6,10,13,,maimaiDX 2022
YONA YONA DANCE,和田アキ子,Popular & Anime,18d42d69aa210172.png,1,6,9,12,,maimaiDX 2023
エンヴィーベイビー,Kanaria,niconico＆VOCALOID™,cae62842cadab3d9.png,3,7,9+,13,,maimaiDX 2023
ヴァンパイア,DECO*27,niconico＆VOCALOID™,d63402f44d60f77e.png,3,6,10,11+,13,maimaiDX 2023
Knight Rider,USAO,Other Games,fdb762a5225efc03.png,5,8,11,13+,,maimaiDX 2023
INTERNET OVERDOSE,Aiobahn feat. KOTOKO,Other Games,5108df88dd9a6896.png,4,7,10+,13,,maimaiDX 2023
sølips,rintaro soma,maimai,8043243d47cacaee.png,6,8,13+,14+,,maimaiDX 2023
テリトリーバトル,ツユ,CHUNITHM,af7eef1a3da40d6b.png,4,6,10,13,,maimaiDX 2023
8-EM,Sampling Masters AYA,CHUNITHM,3176c5e84eaa1818.png,5,8,12,13+,,maimaiDX 2023
くらべられっ子,ツユ,Popular & Anime,53899521eb35e95d.png,2,7,9+,11,13,maimaiDX 2023
あの世行きのバスに乗ってさらば。,ツユ,Popular & Anime,12dd6e137e5e6c6c.png,3,7+,11+,13,,maimaiDX 2023
パラマウント☆ショータイム！！,翡乃イスカ,maimai,f4f0f2f8ebd3f0da.png,5,8,11+,13+,,maimaiDX 2023
ｉｓｏｐｈｏｔｅ,パソコン音楽クラブ feat.ぷにぷに電機,maimai,f6aef2150786d0b4.png,3,7,10,13,,maimaiDX 2023
WiPE OUT MEMORIES,t+pazolite,maimai,1a61a11a3b89420f.png,6,8+,12+,14+,,maimaiDX 2023
初音天地開闢神話,cosMo＠暴走P,niconico＆VOCALOID™,2a0e0f93f9159310.png,5,8,11,13+,,maimaiDX 2023
Armageddon,LeaF,東方Project,9ddf286fd3dcd371.png,5,8,12+,13+,,maimaiDX 2023
Strive against fate,Noah,maimai,c22b6708af0c7a69.png,6,7+,13,14,,maimaiDX 2023
Let you DIVE!,HARDCORE TANO*C & エリザベス（CV:大西沙織）,Other Games,ce70f4f4f072bedf.png,3,7+,11+,12+,,maimaiDX 2023
ミルキースター・シューティングスター,烏屋茶房 feat. 利香,maimai,e625655fb14640ec.png,3,7+,10+,12+,,maimaiDX 2023
Dreadnought,Mastermind(xi+nora2r),Other Games,5d72ff8765384da0.png,5,8+,12,13+,,maimaiDX 2023
OTOGEMA,ビートまりお,maimai,55f59b99f698b962.png,4,7,10+,13+,,maimaiDX 2023
　,x0o0x_,Popular & Anime,5bb69b619f266d0a.png,3,6,10,12+,,maimaiDX 2023
吾輩よ猫であれ,Lyrical Lily,Popular & Anime,f7241520f3525b18.png,3,6,8+,12,,maimaiDX 2023
Lights of Muse,Ayatsugu_Otowa,Other Games,ca2aaba925151aa8.png,3,7,10,13,,maimaiDX 2023
Final Step!,Lime,Other Games,199974438b6c95cc.png,4,7+,11,13+,,maimaiDX 2023
The 90's Decision,MYUKKE.,Other Games,6e44ffb21d644d0e.png,3,6,11,13,,maimaiDX 2023
僕の和風本当上手,ボス,Other Games,96eb4c9ec685a7bc.png,5,8,12,14,,maimaiDX 2023
Estahv,Feryquitous,Other Games,55c8c8495989ff55.png,4,7,11+,13+,,maimaiDX 2023
Love's Theme of BADASS ～バッド・アス 愛のテーマ～,Hommarju,Other Games,fd30be82f708758f.png,6,8,13,14,,maimaiDX 2023
若い力,作詞：セガ社員、作曲：若草恵、歌：135,Other Games,0a3e0ec7d3e649fd.png,3,6,9,13,,maimaiDX 2023
遺伝子レベル∞スパイラル,NAOKI feat.小坂りゆ,maimai,922bd2e6993e7140.png,5,7,9+,13+,,maimaiDX 2023
otorii INNOVATED -[i]3-,NAOKI underground,CHUNITHM,22cfe49ebfb24007.png,6,8+,12+,14,,maimaiDX 2023
Photon Melodies,Photon Maiden,Popular & Anime,31d1a7b30d49d4d7.png,3,6,10,13,,maimaiDX 2023
BANG!,Shoichiro Hirata feat.Sana,Other Games,d8d8f023b47ff011.png,2,6,10+,13,,maimaiDX 2023
Define,Zekk,Other Games,92c6a4e15216f867.png,3,7+,11,13,,maimaiDX 2023
Mjölnir,xi,Other Games,21b9cc9519eab016.png,6,8+,12+,14,,maimaiDX 2023
tape/stop/night,Sugar & Co.,Other Games,21d83321da86a7b8.png,2,6,10,12+,,maimaiDX 2023
Cthugha,USAO,Other Games,90fc803686e1f37e.png,6,8+,12,14,,maimaiDX 2023
First Dance,削除,Other Games,7f950ad7a5baa42d.png,5,7+,12,13+,,maimaiDX 2023
"Good bye, Merry-Go-Round.",Yooh,CHUNITHM,c7f4f382b3342a09.png,5,7+,12,14,,maimaiDX 2023
春を告げる,yama,Popular & Anime,1dffba288d353216.png,1,6,9+,12+,,maimaiDX 2023
enchanted love,linear ring,Other Games,a191381548e9cb18.png,3,7,11+,13+,,maimaiDX 2023
Caterpillar Song,Bitplane feat. 葉月ゆら,Other Games,94e158c4f52c7c52.png,3,6,12,13+,,maimaiDX 2023
パーフェクション,柊マグネタイト,maimai,cab8e9a2a5fcb025.png,2,7+,10+,13,,maimaiDX 2023
Irresistible,MK,maimai,5a1380b2897bb763.png,3,7,11,13+,,maimaiDX 2023
Princess♂,TOPHAMHAT-KYO,Popular & Anime,773b8d4eb3c2829a.png,2,7,10,13+,,maimaiDX 2023
ヒトガタ,HIMEHINA,Popular & Anime,a33a77ea8c117b3d.png,2,6,10+,13,,maimaiDX 2023
オントロジー,Rain Drops,Popular & Anime,377e669fca63c034.png,3,7,10,12+,,maimaiDX 2023
HAGAKIRI,Masayoshi Iimori,maimai,6efe955c46de9657.png,5,7+,12,13+,,maimaiDX 2023
HECATONCHEIR,Yuta Imai,maimai,49e05689f3a0b19a.png,5,8,12+,14,,maimaiDX 2023
N3V3R G3T OV3R,C-Show,maimai,4a4b3606f9a72e2c.png,4,7+,12,14,,maimaiDX 2023
VOLTAGE,Rain Drops,Popular & Anime,225b8d72d8dbc59a.png,4,7,10+,13,,maimaiDX 2023
デーモンベット,ちいたな feat.flower,maimai,a1e05bf1f0247733.png,2,7,10,13,,maimaiDX 2023
剣を抜け！GCCX MAX,メッセメッセクラブ,Popular & Anime,26c750b9768fcca5.png,3,6,9,13,,maimaiDX 2023
エゴロック,すりぃ,niconico＆VOCALOID™,a0d49a6de0c2951d.png,5,7+,10,13+,,maimaiDX 2023
ジャンキーナイトタウンオーケストラ,すりぃ,niconico＆VOCALOID™,9c0933c2097ea0dd.png,3,6,10,12+,,maimaiDX 2023
終焉逃避行,柊マグネタイト,niconico＆VOCALOID™,bd436a8500d7ae0c.png,4,6,9+,12+,,maimaiDX 2023
Reach For The Stars (Re-Colors),大谷智哉「ソニックカラーズ アルティメット」,Other Games,872a9990a618097d.png,5,7+,11,13+,,maimaiDX 2023
星空パーティーチューン,OSTER project feat. そらこ,maimai,34d250113b737f05.png,4,8+,11,13+,,maimaiDX 2023
パズルリボン,すりぃ feat.りょーくん,CHUNITHM,02ac5a7ec58b9e7f.png,5,7+,11,13,,maimaiDX 2023
ツクヨミステップ,ユリイ・カノン feat.nameless,CHUNITHM,dbe50b3985a760b8.png,4,7+,10+,13,,maimaiDX 2023
コスモポップファンクラブ,ナユタン星人,CHUNITHM,4829035abbb63320.png,3,6,10+,13,,maimaiDX 2023
folern,ぬゆり,CHUNITHM,a904cc91a7d095dd.png,5,8,12,13+,,maimaiDX 2023
ただ選択があった,フロクロ,niconico＆VOCALOID™,8886cfbe27f73dfe.png,2,6,9,12+,,maimaiDX 2023
チューリングの跡,Frums,maimai,6c38d19035bd1ea6.png,4,8,13,14,,maimaiDX 2023
Swift Swing,Laur,maimai,b88e127e372b0c2e.png,4,8,12,14,,maimaiDX 2023
Sage,かめりあ,maimai,4cd6568a0952195d.png,6,8,12+,14+,,maimaiDX 2023
三妖精SAY YA!!!,森羅万象,東方Project,30b9ee1f385156b4.png,3,6,10,13,,maimaiDX 2023
紅に染まる恋の花,幽閉サテライト,東方Project,5aef951016fdee27.png,2,6,10,12,,maimaiDX 2023
"大輪の魂 (feat. AO, 司芭扶)",魂音泉,東方Project,ca4e36f40ed13f9e.png,3,6,9+,13,,maimaiDX 2023
Spring of Dreams,3L (NJK Record),東方Project,25bcb2696dfcef90.png,3,6,10,12+,,maimaiDX 2023
BLUE ZONE,Tatsh x NAOKI,Other Games,21c639ba03568a5a.png,4,8,11,14,,maimaiDX 2023
Jouez Avec Moi?,Retropolitaliens (Ms.+駄々子),maimai,fa6943ebb851f378.png,4,7+,10+,13+,,maimaiDX 2023
Metamorphosism,削除,maimai,d02540b6cedfa362.png,6,8,12+,14,,maimaiDX 2023
Transcend Lights,曲：小高光太郎／歌：オンゲキシューターズ,CHUNITHM,48b49fc84a9226f9.png,4,7,11+,13+,,maimaiDX 2023
エータ・ベータ・イータ,ルゼ,CHUNITHM,241ef09441315f33.png,6,7+,12,14,,maimaiDX 2023
白花の天使,Yu-dachi,maimai,f01f26e4a1228a08.png,5,8+,12,13+,,maimaiDX 2023
World's end loneliness,打打だいず,maimai,e341ba3d5adb60dd.png,7,9+,13,14+,,maimaiDX 2023
撩乱乙女†無双劇,曲：Haggy Rock & 佐藤厚仁／歌：⊿TRiEDGE [高瀬 梨緒(CV：久保 ユリカ)、結城 莉玖(CV：朝日奈 丸佳)、藍原 椿(CV：橋本 ちなみ)],CHUNITHM,536446ddde354589.png,4,6,11+,13,,maimaiDX 2023
See The Light,anubasu-anubasu,CHUNITHM,65620eda680cc9f4.png,3,6,11,13+,,maimaiDX 2023
39,sasakure.UK x DECO*27,niconico＆VOCALOID™,db70c06c380e264e.png,3,7,9,12+,,maimaiDX
弱虫モンブラン,DECO*27,niconico＆VOCALOID™,2e735ac2d44d4511.png,4,7,10+,12+,,GreeN
ストリーミングハート,DECO*27,niconico＆VOCALOID™,5cfa9f0661807944.png,3,8,10+,13,,ORANGE PLUS
ミラクル・ショッピング,田中マイミ,Popular & Anime,010ead93b41724f0.png,5,7,10+,12+,,MiLK
麒麟,sasakure.UK,Other Games,88185a61da17d947.png,7,9,13,14,,MiLK
共感覚おばけ,ササノマリイ,niconico＆VOCALOID™,5f3e8e0ffeaf0312.png,5,7,10+,13,,MiLK
妄想感傷代償連盟,DECO*27,niconico＆VOCALOID™,ba246e30c720cb39.png,3,7,9+,11,13,MiLK PLUS
Arty Party,yaseta,Other Games,7473d78f898dee78.png,4,8,11+,13+,,maimaiDX 2021
おジャ魔女カーニバル!!,covered by 光吉猛修,Popular & Anime,3491119fdaa2b30a.png,3,6,8+,12+,,maimaiDX 2022
ディカディズム,ぬゆり,niconico＆VOCALOID™,1ef2747493f2d184.png,2,7,9+,13,,maimaiDX 2022
踊,Ado,Popular & Anime,eb5f9769d1afd885.png,2,6,8,11,13,maimaiDX 2023
残響散歌,Aimer,Popular & Anime,61c0db523498c4a5.png,3,6,9+,13+,,maimaiDX 2023
フォニイ,ツミキ　feat.音楽的同位体　可不（KAFU）,niconico＆VOCALOID™,e6f1a560ee4c29d9.png,2,6,9+,11,13,maimaiDX 2023
アニマル,DECO*27,niconico＆VOCALOID™,e07239967b98cca5.png,3,7+,10+,13,,maimaiDX 2023
ジレンマ,DECO*27,niconico＆VOCALOID™,b6677ac63f097df0.png,3,7,10,12+,,maimaiDX 2023
スカーレット警察のゲットーパトロール24時,七条レタスグループ,東方Project,5f9f0619083ebab0.png,3,7,9,13,,maimaiDX 2023
田中,立秋 feat.ちょこ,Other Games,eb0ab4dfa64b01f1.png,5,8,12,14,,maimaiDX 2023
ホシシズク,森羅万象,maimai,89507763b8227c0d.png,4,7+,10,12+,,maimaiDX 2023
Rainbow Rush Story,いるかアイス feat.ちょこ,maimai,6090e7ca3c80cdc6.png,4,8,10,13+,,maimaiDX 2023
Tricolor⁂circuS,ああ…翡翠茶漬け…,maimai,3839ea9459990614.png,4,7,10+,13+,,maimaiDX 2023
[X],Blacklolita,maimai,f712ee022ae3e620.png,5,8,12,14,,maimaiDX 2023
mystique as iris,かねこちはる,maimai,077872054fe8552d.png,5,9+,12+,14+,,maimaiDX 2023
蜘蛛の糸,きくお×cosMo＠暴走P feat.影縫英,CHUNITHM,28898558057a514c.png,5,8+,12+,14,,maimaiDX 2023
EYE,Kanaria,niconico＆VOCALOID™,30510883abde5697.png,2,6,9,12+,,maimaiDX 2023
ヴィラン,flower・てにをは,niconico＆VOCALOID™,63abba33e2925b5a.png,2,6,9,11+,13,maimaiDX 2023
分解収束テイル,un:c・konoco×cosMo＠暴走P,maimai,b750da7232b13571.png,3,7+,11,13+,,maimaiDX 2023
アマカミサマ,名取さな,Popular & Anime,db00c4017f608b7a.png,3,6,9,12+,,maimaiDX 2023
モンダイナイトリッパー！,名取さな,Popular & Anime,d65e04a8a65075d9.png,4,7,10+,13+,,maimaiDX 2023
Luminaria,Lime,Other Games,03b507681b4bb63f.png,5,7+,12,13+,,maimaiDX 2023
You Mean the World to Me,Mameyudoufu feat. Shully,maimai,225fd594b05d2650.png,3,7,11,13+,,maimaiDX 2023
銀のめぐり,SYNC.ART'S feat. 3L,東方Project,d393d329db514825.png,3,6,10,12+,,maimaiDX 2023
Destiny Runner,さわわ,東方Project,a1841b33431c9001.png,4,7+,11,13+,,maimaiDX 2023
Random,Sobrem × Silentroom,Other Games,ad45a43a45bd4974.png,3,7,11,13,,maimaiDX 2023
Neon Kingdom,litmus*,maimai,467af0cc4f091827.png,4,6,10+,13+,,maimaiDX 2023
Rising on the horizon,TAG,maimai,7294b35c4ce70324.png,5,8,12+,14,,maimaiDX 2023
ViRTUS,Hiro,maimai,5d89c120d8c41d6a.png,6,9,13,14+,,maimaiDX 2023
Catch Me If You Can,曲：TAKU INOUE／歌：早乙女 彩華(CV：中島 唯),CHUNITHM,a7a36ba57c915530.png,5,7,10+,13,,maimaiDX 2023
#狂った民族２ PRAVARGYAZOOQA,DJ Raisei,maimai,1bde84ebe909f8bc.png,6,7+,12+,14,,maimaiDX 2023
VSpook!,s-don,maimai,5d7f7536dd643e71.png,6,8,12+,14,,maimaiDX 2023
MAGNETAR GIRL,Yu-dachi,CHUNITHM,6aa746259d41bf92.png,5,8,10+,13+,,maimaiDX 2023
Don't Fight The Music,黒魔,CHUNITHM,2e9da84e3e523f2f.png,5,9,12+,14,,maimaiDX 2023
SUPER AMBULANCE,AJURIKA,CHUNITHM,11f607f1a79a3165.png,6,8+,12,14,,maimaiDX 2023
Baddest,樋口楓,Popular & Anime,30c9c35800d5c6b2.png,5,7,10+,13+,,maimaiDX 2023
マーシャル・マキシマイザー,柊マグネタイト　feat.音楽的同位体　可不（KAFU）,niconico＆VOCALOID™,0033a1f91bb22cb3.png,4,7,9+,13,,maimaiDX 2023
秋の未確認生物,子牛,niconico＆VOCALOID™,ba0af4d10b3c3d32.png,4,7,10,12+,,maimaiDX 2023
ばかみたい【Taxi Driver Edition】,桐生一馬(黒田崇矢),Other Games,6a8bc4d596414ec6.png,2,6,12,13,,maimaiDX 2023
NightTheater,わかどり,Other Games,b32789df69d7f17a.png,3,7+,11+,13+,,maimaiDX 2023
RIFFRAIN,夏代孝明,maimai,3ecd074431732b76.png,3,6,9+,13,,maimaiDX 2023
ピリオドサイン,Ponchi♪ feat.はぁち,maimai,4f4b2b44bfcd87b4.png,4,7+,10+,13+,,maimaiDX 2023
群青シグナル,テヅカ feat. 獅子神レオナ,maimai,4b3c4017b405dc49.png,5,8,11+,13+,,maimaiDX 2023
Ghost Dance,亜沙 feat.くろくも,CHUNITHM,054d8fbb19a508c4.png,4,7+,10,13,,maimaiDX 2023
電光石火,HiTECH NINJA,CHUNITHM,74c92bac1b51a9c3.png,5,8,12+,14,,maimaiDX 2023
Blank Paper (Prod. TEMPLIME),日高零奈・東雲和音・茅野ふたば「電音部」,Popular & Anime,608e151274d09dad.png,2,6,8+,12+,,maimaiDX 2023
In my world (Prod. KOTONOHOUSE),鳳凰火凛・瀬戸海月・大賀ルキア「電音部」,Popular & Anime,58d0517c2fdd8314.png,3,6,10,13,,maimaiDX 2023
Alice's Suitcase,Endorfin.,Other Games,59245b344d59a01d.png,3,7+,10+,13+,,maimaiDX 2023
Beat Opera op.1,bermei.inazawa,maimai,c87ba892e4792628.png,3,7+,10+,13+,,maimaiDX 2023
星見草,秋田 真典,maimai,04dca5fcd4b9163a.png,4,8,11,13+,,maimaiDX 2023
アイム・マイヒーロー,Ino(chronoize) feat. 柳瀬マサキ,Other Games,771094a23ff3c48e.png,2,6,9,13,,maimaiDX 2023
れっつ！みらくる☆はーどこあっ！,Laur feat.みしゃも,Other Games,cc77677df0228ea3.png,5,8,11+,13+,,maimaiDX 2023
エナドリおいしいソング,冥堂院・アレクサンドル・ヴィクトリア・リヒテンシュタイン・聖斗 feat.TINOP,Other Games,5c0759a40fa1a178.png,5,8+,12+,14,,maimaiDX 2023
Falling,シノ feat.しほ,maimai,da328e1e834698bf.png,4,7,10,13,,maimaiDX 2023
ボッカデラベリタ,柊キライ,niconico＆VOCALOID™,be8b42fc0300e467.png,3,7,10,13,,maimaiDX 2023
『んっあっあっ。』,SLAVE.V-V-R,niconico＆VOCALOID™,ea4afae77fb914bc.png,2,6,9,12+,,maimaiDX 2023
キュートなカノジョ,syudou　feat.音楽的同位体　可不（KAFU）,niconico＆VOCALOID™,fa6d81df2d4ab076.png,3,6,9+,12+,,maimaiDX 2023
きゅうくらりん,いよわ,niconico＆VOCALOID™,89a9a20b498524c9.png,4,7,11,13+,,maimaiDX 2023
回る空うさぎ,Orangestar,niconico＆VOCALOID™,dd2686a8aa23107f.png,2,6,8,12,,maimaiDX 2023
Lost Desire,Powerless feat. Sennzai,Other Games,a989612852f81b34.png,3,7+,11+,13+,,maimaiDX 2023
"""411Ψ892""",Tanchiky,maimai,c05db4664af4c45e.png,5,8+,12+,14,,maimaiDX 2023
ロータスイーター,青栗鼠,niconico＆VOCALOID™,95273f50f274c64a.png,2,6,9+,13,,maimaiDX 2023
Aegleseeker,Silentroom vs Frums,Other Games,ced71091c6d0d194.png,5,8,12+,14,,maimaiDX 2023
ピュグマリオンの咒文,アリスシャッハと魔法の楽団,CHUNITHM,f64908fc2a147935.png,4,7,10+,13+,,maimaiDX 2023
独りんぼエンヴィー,koyori（電ポルP）,niconico＆VOCALOID™,c3dd993792f97bb0.png,1,6,8,12+,,maimaiDX 2023
へべれけジャンキー,syudou,niconico＆VOCALOID™,d40c1ce72043c066.png,2,6,9+,13,,maimaiDX 2023
最強STRONGER,REDALiCE vs USAO,Other Games,f9c1158b5ed2757f.png,6,8+,13,14,,maimaiDX 2023
康莊大道,Spiegel vs Yukino,maimai,d7aa8fbe05bb911e.png,6,8+,13,14+,,maimaiDX 2023
Hainuwele,ETIA.,CHUNITHM,6bb029ffc3be5817.png,5,8,12+,14,,maimaiDX 2023
阿修羅ちゃん,Ado,Popular & Anime,4277ad4d332c104a.png,3,6,10,13,,maimaiDX 2024
おとせサンダー,ぼっちぼろまる,Popular & Anime,5d77231ceab248b4.png,3,6,9+,11,13+,maimaiDX 2024
ヒバリ,HIMEHINA,Popular & Anime,fed4dfdcc7c7554f.png,2,5,10+,13,,maimaiDX 2024
"Hello, Hologram",HIMEHINA,Popular & Anime,5557331d09fee07b.png,5,7,10,13+,,maimaiDX 2024
不機嫌なスリーカード,HIMEHINA,Popular & Anime,8d2776e8b9c3ceaf.png,3,7,10,12+,,maimaiDX 2024
ロウワー,ぬゆり,niconico＆VOCALOID™,b184bbc558adbf41.png,2,6,8+,11,13,maimaiDX 2024
魔法少女とチョコレゐト,ピノキオピー,niconico＆VOCALOID™,3c8f19a3d9d8e0bd.png,3,6,9,13,,maimaiDX 2024
MAGENTA POTION,EmoCosine,Other Games,3902dd1ec9eec1d0.png,2,6,10,13+,,maimaiDX 2024
Vallista,削除,Other Games,c1e02d23d7cc8cca.png,4,8,12,14,,maimaiDX 2024
トノサマビーム,ぼっちぼろまる,maimai,8212573b9837ddff.png,3,7,10,12+,,maimaiDX 2024
ツムギボシ,大国奏音 feat.timao,maimai,793b837b2593552d.png,5,7+,11+,14,,maimaiDX 2024
Comet Panto Men!,MYUKKE.,maimai,81c7f7c9a9042eab.png,5,7+,12,14,,maimaiDX 2024
Trrricksters!!,s-don vs. 翡乃イスカ,CHUNITHM,482a7afdc94fba8b.png,6,8,12+,14,,maimaiDX 2024
キャットラビング,香椎モイミ,niconico＆VOCALOID™,67e27d4f36585603.png,2,6,8+,12+,,maimaiDX 2024
神っぽいな,ピノキオピー,niconico＆VOCALOID™,c3a9afc3a22b1031.png,2,6,8+,11+,13,maimaiDX 2024
リスペク風神,ビートまりおとまろん,東方Project,7dbb031a76f34e1a.png,3,6,10+,13+,,maimaiDX 2024
enchanted wanderer,linear ring,maimai,f7555b935a2eddc3.png,3,7,12,13+,,maimaiDX 2024
VeRForTe αRtE:VEiN,orangentle,maimai,5461cc48817a3c7a.png,6,8,12+,14+,,maimaiDX 2024
魂のルフラン,高橋洋子 [covered by 光吉猛修],Popular & Anime,9d1b30fd5d7e05df.png,2,6,9,12+,,maimaiDX 2024
私のドッペルゲンガー,DIVELA　feat.音楽的同位体　可不（KAFU）,niconico＆VOCALOID™,25d2796e350abebe.png,3,7,10+,13,,maimaiDX 2024
インターネットサバイバー,あやぽんず＊ feat.ビートまりお × まろん,東方Project,60538d73546de334.png,3,7,11,13,,maimaiDX 2024
コンティニュー！ feat. 藍月なくる,lapix,Other Games,af4f08eaff72cde9.png,4,7,10+,13+,,maimaiDX 2024
Sunday Night feat Kanata.N,Mameyudoufu,Other Games,ac573bb480e7fc70.png,3,6,10+,13,,maimaiDX 2024
Halfway(>∀<),Blacklolita,Other Games,77c0243dedb23b60.png,5,8,12,13+,,maimaiDX 2024
Complex Mind,YUKIYANAGI,Other Games,b4ba936740486f75.png,5,7+,11+,13+,,maimaiDX 2024
DROPS feat. Such,Zekk & poplavor,Other Games,413187f3403812f9.png,3,6,10+,13,,maimaiDX 2024
BULK UP (GAME EXCLUSIVE EDIT),USAO & Yuta Imai,Other Games,bde3cd8df3f6d7e5.png,5,8,11+,14,,maimaiDX 2024
リフヴェイン,青栗鼠 feat.sekai,maimai,6626dcdb181d6d4e.png,3,7,10+,13+,,maimaiDX 2024
宵の鳥,n.k feat.影縫英,maimai,e005c0199a1cf88d.png,4,7+,10+,13+,,maimaiDX 2024
Kairos,ARForest feat.nayuta,maimai,d1902fbb83b1c1cc.png,4,7+,11,13+,,maimaiDX 2024
はんぶんこ,三枝明那,Popular & Anime,4d9e0c3640c966c5.png,1,6,8+,12+,,maimaiDX 2024
テオ,Omoi,niconico＆VOCALOID™,d315e6c1c6b44779.png,5,7+,10+,13,,maimaiDX 2024
ヱデン,koyori（電ポルP）,maimai,3f9cdf75c514d530.png,3,6,9,12+,,maimaiDX 2024
モ°ルモ°ル (MZK Skippin' Remix),sasakure.UK／水野健治,maimai,959d4a141d9b398b.png,3,6,10+,13+,,maimaiDX 2024
花となれ,雄之助　feat.音楽的同位体　可不（KAFU）,niconico＆VOCALOID™,ccdf78d24c2c346d.png,2,6,8+,12,,maimaiDX 2024
Shooting Shower～DANCE TIME(シンディ)～,Sammy Sound Team,Other Games,9562876b64f4cedf.png,4,6,9,13,,maimaiDX 2024
アンバークロニクル,しーけー feat.ricono,maimai,575733d6aee16503.png,5,7+,11,13,,maimaiDX 2024
ド屑,なきそ,niconico＆VOCALOID™,c94dcba3903fcde9.png,2,6,9,13,,maimaiDX 2024
絶対敵対メチャキライヤー,メドミア,niconico＆VOCALOID™,bdcf8e5695899ae6.png,3,7+,9+,12+,,maimaiDX 2024
にゃーにゃー冒険譚,黒魔,maimai,2ee0ae1e83c28ce3.png,5,8,11,13+,,maimaiDX 2024
ここからはじまるプロローグ。 (Kanon Remix),ああああ／大国奏音,maimai,163cb65566312402.png,4,7,11+,13+,,maimaiDX 2024
VERTeX (rintaro soma deconstructed remix),Hiro／rintaro soma,maimai,fad2062de9b868ae.png,5,7+,12+,14+,,maimaiDX 2024
ずんだもんの朝食　〜目覚ましずんラップ〜,ひらうみ,niconico＆VOCALOID™,c4d3b35bca6c9943.png,3,8,10+,13,,maimaiDX 2024
PERSONA feat. PANXI,rejection,Other Games,09b0894db54b2fd5.png,4,7,10+,13,,maimaiDX 2024
あなたは世界の終わりにずんだを食べるのだ,なみぐる,niconico＆VOCALOID™,bc79d6ceafb61bd6.png,2,6,9+,12+,,maimaiDX 2024
FLUFFY FLASH,Kobaryo,CHUNITHM,6572d38b823295bd.png,6,8,12+,14,,maimaiDX 2024
つるぺったん,Silver Forest,東方Project,c30b982886cd4b33.png,4,7+,10,12+,,maimaiDX 2024
Bad Apple!! feat.nomico ～五十嵐 撫子 Ver.～,Masayoshi Minoshima [covered by 五十嵐 撫子(CV:花井 美春)],CHUNITHM,69815c3a46ef8b0f.png,3,6,10+,13,,maimaiDX 2024
Snow Colored Score,イロドリミドリ「CHUNITHM」,CHUNITHM,27e298313b402e0b.png,2,6,9+,12+,,maimaiDX 2024
『ウソテイ』 ～一回戦せりなvsしろなvsなずな～,イロドリミドリ「CHUNITHM」,CHUNITHM,fb636683b41b00f1.png,4,7+,10,13+,,maimaiDX 2024